text,text_lower,length,digit_count,alphabet_count,is_numeric,is_date,contains_currency,x,y,relative_x,relative_y,width,height,relative_width,relative_height,aspect_ratio,log_area,ocr_confidence,line_number,paragraph_number,block_number,previous_text,previous_x,previous_y,next_text,next_x,next_y,label,document
AVENUE,avenue,6,0,6,0,0,0,936,17,0.45703125,0.00830078125,139,42,0.06787109375,0.0205078125,3.3095238095238093,8.672314828283538,0.93,1,1,2,,0,0,supermarts!,1105,14,SUPPLIER,invoice2_tokens.json
SUPERMARTS!,supermarts!,11,0,10,0,0,0,1105,14,0.53955078125,0.0068359375,236,52,0.115234375,0.025390625,4.538461538461538,9.415157006597507,0.72,1,1,2,avenue,936,17,ltd,1369,27,SUPPLIER,invoice2_tokens.json
LTD,ltd,3,0,3,0,0,0,1369,27,0.66845703125,0.01318359375,68,41,0.033203125,0.02001953125,1.6585365853658536,7.933438387627489,0.96,1,1,2,supermarts!,1105,14,in,889,73,SUPPLIER,invoice2_tokens.json
IN,in,2,0,2,0,0,0,889,73,0.43408203125,0.03564453125,43,46,0.02099609375,0.0224609375,0.9347826086956522,7.590346945602565,0.94,2,1,2,ltd,1369,27,‘=,966,87,O,invoice2_tokens.json
‘=,‘=,2,0,0,0,0,0,966,87,0.4716796875,0.04248046875,35,25,0.01708984375,0.01220703125,1.4,6.775366090936392,0.36,2,1,2,in,889,73,l51900mh2000plc126473,1030,81,O,invoice2_tokens.json
L51900MH2000PLC126473,l51900mh2000plc126473,21,15,6,0,0,0,1030,81,0.5029296875,0.03955078125,501,53,0.24462890625,0.02587890625,9.452830188679243,10.186935674455848,0.74,2,1,2,‘=,966,87,gstin,910,138,O,invoice2_tokens.json
GSTIN,gstin,5,0,5,0,0,0,910,138,0.4443359375,0.0673828125,115,45,0.05615234375,0.02197265625,2.555555555555556,8.551787836180736,0.91,3,1,2,l51900mh2000plc126473,1030,81,:,1058,151,O,invoice2_tokens.json
:,:,1,0,0,0,0,0,1058,151,0.5166015625,0.07373046875,6,25,0.0029296875,0.01220703125,0.24,5.017279836814924,0.56,3,1,2,gstin,910,138,27aacca8432h170,1100,145,O,invoice2_tokens.json
27AACCA8432H170,27aacca8432h170,15,9,6,0,0,0,1100,145,0.537109375,0.07080078125,355,52,0.17333984375,0.025390625,6.826923076923077,9.82341567777057,0.65,3,1,2,:,1058,151,fssat,908,199,O,invoice2_tokens.json
FSSAT,fssat,5,0,5,0,0,0,908,199,0.443359375,0.09716796875,110,46,0.0537109375,0.0224609375,2.391304347826087,8.529319371214077,0.91,4,1,2,27aacca8432h170,1100,145,no:,1050,204,O,invoice2_tokens.json
NO:,no:,3,0,2,0,0,0,1050,204,0.5126953125,0.099609375,59,43,0.02880859375,0.02099609375,1.372093023255814,7.839131648274333,0.25,4,1,2,fssat,908,199,11518015000352,1125,208,O,invoice2_tokens.json
11518015000352,11518015000352,14,14,0,1,0,0,1125,208,0.54931640625,0.1015625,326,50,0.1591796875,0.0244140625,6.52,9.69898173460629,0.25,4,1,2,no:,1050,204,d-mart,975,324,O,invoice2_tokens.json
D-Mart,d-mart,6,0,5,0,0,0,975,324,0.47607421875,0.158203125,134,45,0.0654296875,0.02197265625,2.977777777777778,8.704668113450987,0.78,5,1,2,11518015000352,1125,208,k,1141,330,O,invoice2_tokens.json
K,k,1,0,1,0,0,0,1141,330,0.55712890625,0.1611328125,19,39,0.00927734375,0.01904296875,0.4871794871794871,6.60934924316738,0.92,5,1,2,d-mart,975,324,khajrane,1188,333,O,invoice2_tokens.json
Khajrane,khajrane,8,0,8,0,0,0,1188,333,0.580078125,0.16259765625,185,44,0.09033203125,0.021484375,4.204545454545454,9.004668301573977,0.7,5,1,2,k,1141,330,plot,809,377,O,invoice2_tokens.json
Plot,plot,4,0,4,0,0,0,809,377,0.39501953125,0.18408203125,87,44,0.04248046875,0.021484375,1.9772727272727275,8.250358951477294,0.96,6,1,2,khajrane,1188,333,"no,",926,382,O,invoice2_tokens.json
"No,","no,",3,0,2,0,0,0,926,382,0.4521484375,0.1865234375,54,42,0.0263671875,0.0205078125,1.2857142857142858,7.727094484779841,0.81,6,1,2,plot,809,377,"105,",1001,385,O,invoice2_tokens.json
"105,","105,",4,3,0,1,0,0,1001,385,0.48876953125,0.18798828125,73,46,0.03564453125,0.0224609375,1.5869565217391304,8.119398589612294,0.84,6,1,2,"no,",926,382,naik,1115,390,O,invoice2_tokens.json
Naik,naik,4,0,4,0,0,0,1115,390,0.54443359375,0.1904296875,87,42,0.04248046875,0.0205078125,2.071428571428572,8.203851372183879,0.96,6,1,2,"105,",1001,385,"circle,",1233,394,O,invoice2_tokens.json
"Circle,","circle,",7,0,6,0,0,0,1233,394,0.60205078125,0.1923828125,147,48,0.07177734375,0.0234375,3.0625,8.86177531100083,0.93,6,1,2,naik,1115,390,"sec-7,",1422,403,O,invoice2_tokens.json
"Sec-7,","sec-7,",6,1,3,0,0,0,1422,403,0.6943359375,0.19677734375,123,44,0.06005859375,0.021484375,2.7954545454545454,8.596558746796978,0.91,6,1,2,"circle,",1233,394,"koparkhajrane,",760,435,O,invoice2_tokens.json
"Koparkhajrane,","koparkhajrane,",14,0,13,0,0,0,760,435,0.37109375,0.21240234375,312,56,0.15234375,0.02734375,5.571428571428571,9.76841211133904,0.8,7,1,2,"sec-7,",1422,403,nav},1136,450,O,invoice2_tokens.json
Nav},nav},4,0,3,0,0,0,1136,450,0.5546875,0.2197265625,82,42,0.0400390625,0.0205078125,1.9523809523809523,8.144679183447758,0.86,7,1,2,"koparkhajrane,",760,435,mumbai=,1254,456,O,invoice2_tokens.json
Mumbai=,mumbai=,7,0,6,0,0,0,1254,456,0.6123046875,0.22265625,158,42,0.0771484375,0.0205078125,3.761904761904762,8.800415333145924,0.31,7,1,2,nav},1136,450,400709,1442,464,O,invoice2_tokens.json
400709,400709,6,6,0,1,0,0,1442,464,0.7041015625,0.2265625,138,42,0.0673828125,0.0205078125,3.2857142857142856,8.665095821339733,0.96,7,1,2,mumbai=,1254,456,phone,946,502,O,invoice2_tokens.json
Phone,phone,5,0,5,0,0,0,946,502,0.4619140625,0.2451171875,113,45,0.05517578125,0.02197265625,2.511111111111111,8.534246945982066,0.93,1,1,3,400709,1442,464,:,1093,516,O,invoice2_tokens.json
:,:,1,0,0,0,0,0,1093,516,0.53369140625,0.251953125,5,24,0.00244140625,0.01171875,0.2083333333333333,4.795790545596741,0.09,1,1,3,phone,946,502,022-39336300,1134,511,O,invoice2_tokens.json
022-39336300,022-39336300,12,11,0,0,0,0,1134,511,0.5537109375,0.24951171875,277,48,0.13525390625,0.0234375,5.770833333333333,9.495293724856706,0.92,1,1,3,:,1093,516,bill,735,729,O,invoice2_tokens.json
Bill,bill,4,0,4,0,0,0,735,729,0.35888671875,0.35595703125,81,43,0.03955078125,0.02099609375,1.8837209302325584,8.155936337972394,0.92,2,1,3,022-39336300,1134,511,dt,849,733,O,invoice2_tokens.json
Dt,dt,2,0,2,0,0,0,849,733,0.41455078125,0.35791015625,81,42,0.03955078125,0.0205078125,1.9285714285714288,8.132412674500905,0.92,2,1,3,bill,735,729,:,915,725,O,invoice2_tokens.json
:,:,1,0,0,0,0,0,915,725,0.44677734375,0.35400390625,22,65,0.0107421875,0.03173828125,0.3384615384615385,7.266128779556451,0.88,2,1,3,dt,849,733,05/01/2020,964,738,O,invoice2_tokens.json
05/01/2020,05/01/2020,10,8,0,0,1,0,964,738,0.470703125,0.3603515625,226,48,0.1103515625,0.0234375,4.708333333333333,9.29182818882245,0.91,2,1,3,:,915,725,vou.,1217,749,DATE,invoice2_tokens.json
Vou.,vou.,4,0,3,0,0,0,1217,749,0.59423828125,0.36572265625,75,41,0.03662109375,0.02001953125,1.829268292682927,8.031385330625534,0.92,2,1,3,05/01/2020,964,738,:$007008-0231,1314,754,O,invoice2_tokens.json
:$007008-0231,:$007008-0231,13,10,0,0,0,1,1314,754,0.6416015625,0.3681640625,286,48,0.1396484375,0.0234375,5.958333333333333,9.527265662897603,0.01,2,1,3,vou.,1217,749,cashier,735,787,INVOICE_NUMBER,invoice2_tokens.json
Cashier,cashier,7,0,7,0,0,0,735,787,0.35888671875,0.38427734375,155,45,0.07568359375,0.02197265625,3.4444444444444446,8.850230965588816,0.92,3,1,3,:$007008-0231,1314,754,:,923,802,O,invoice2_tokens.json
:,:,1,0,0,0,0,0,923,802,0.45068359375,0.3916015625,6,25,0.0029296875,0.01220703125,0.24,5.017279836814924,0.87,3,1,3,cashier,735,787,aks/007796,961,797,O,invoice2_tokens.json
AKS/007796,aks/007796,10,6,3,0,0,0,961,797,0.46923828125,0.38916015625,226,47,0.1103515625,0.02294921875,4.808510638297872,9.270776740780011,0.92,3,1,3,:,923,802,mime,1284,809,O,invoice2_tokens.json
Mime,mime,4,0,4,0,0,0,1284,809,0.626953125,0.39501953125,86,78,0.0419921875,0.0380859375,1.1025641025641026,8.811205187562887,0.68,3,1,3,aks/007796,961,797,:,1403,823,O,invoice2_tokens.json
:,:,1,0,0,0,0,0,1403,823,0.68505859375,0.40185546875,5,22,0.00244140625,0.0107421875,0.2272727272727272,4.709530201312334,0.07,3,1,3,mime,1284,809,6:06pm,1466,817,O,invoice2_tokens.json
6:06PM,6:06pm,6,3,2,0,0,0,1466,817,0.7158203125,0.39892578125,134,43,0.0654296875,0.02099609375,3.116279069767442,8.659213451436667,0.66,3,1,3,:,1403,823,1,713,1014,O,invoice2_tokens.json
1,1,1,1,0,1,0,0,713,1014,0.34814453125,0.4951171875,11,38,0.00537109375,0.0185546875,0.2894736842105263,6.037870919922137,0.91,1,2,3,6:06pm,1466,817,cgst@,756,1015,O,invoice2_tokens.json
CGST@,cgst@,5,0,4,0,0,0,756,1015,0.369140625,0.49560546875,109,42,0.05322265625,0.0205078125,2.595238095238096,8.429235912657095,0.69,1,2,3,1,713,1014,2.50%,891,1020,O,invoice2_tokens.json
2.50%,2.50%,5,3,0,0,0,1,891,1020,0.43505859375,0.498046875,109,42,0.05322265625,0.0205078125,2.595238095238096,8.429235912657095,0.91,1,2,3,cgst@,756,1015,sgste,1025,1025,O,invoice2_tokens.json
sgsTe,sgste,5,0,5,0,0,0,1025,1025,0.50048828125,0.50048828125,108,42,0.052734375,0.0205078125,2.571428571428572,8.420021279663963,0.09,1,2,3,2.50%,891,1020,2.,1159,1031,O,invoice2_tokens.json
2.,2.,2,1,0,1,0,0,1159,1031,0.56591796875,0.50341796875,28,37,0.013671875,0.01806640625,0.7567567567567568,6.944087208229528,0.93,1,2,3,sgste,1025,1025,0%,1203,997,O,invoice2_tokens.json
0%,0%,2,1,0,0,0,0,1203,997,0.58740234375,0.48681640625,65,75,0.03173828125,0.03662109375,0.8666666666666667,8.492080490601163,0.32,1,2,3,2.,1159,1031,_,644,1117,O,invoice2_tokens.json
_,_,1,0,0,0,0,0,644,1117,0.314453125,0.54541015625,1,3,0.00048828125,0.00146484375,0.3333333333333333,1.3862943611198906,0.65,1,3,3,0%,1203,997,0902,711,1070,O,invoice2_tokens.json
0902,0902,4,4,0,1,0,0,711,1070,0.34716796875,0.5224609375,86,40,0.0419921875,0.01953125,2.15,8.14351740579748,0.82,1,3,3,_,644,1117,tea,823,1073,O,invoice2_tokens.json
TEA,tea,3,0,3,0,0,0,823,1073,0.40185546875,0.52392578125,63,39,0.03076171875,0.01904296875,1.6153846153846154,7.80710329012598,0.93,1,3,3,0902,711,1070,coun-259,912,1077,PRODUCT,invoice2_tokens.json
COUN-259,coun-259,8,3,4,0,0,0,912,1077,0.4453125,0.52587890625,174,47,0.0849609375,0.02294921875,3.702127659574468,9.009325172734972,0.64,1,3,3,tea,823,1073,69.,1268,1091,PRODUCT,invoice2_tokens.json
69.,69.,3,2,0,1,0,0,1268,1091,0.619140625,0.53271484375,51,38,0.02490234375,0.0185546875,1.3421052631578947,7.569927655242652,0.9,1,3,3,coun-259,912,1077,00,1340,1093,UNIT_PRICE,invoice2_tokens.json
00,00,2,2,0,1,0,0,1340,1093,0.654296875,0.53369140625,36,38,0.017578125,0.0185546875,0.9473684210526316,7.221835825288449,0.91,1,3,3,69.,1268,1091,69.,1490,1099,UNIT_PRICE,invoice2_tokens.json
69.,69.,3,2,0,1,0,0,1490,1099,0.7275390625,0.53662109375,109,39,0.05322265625,0.01904296875,2.7948717948717947,8.355144739461839,0.93,1,3,3,00,1340,1093,00,1560,1091,ITEM_TOTAL,invoice2_tokens.json
00,00,2,2,0,1,0,0,1560,1091,0.76171875,0.53271484375,43,56,0.02099609375,0.02734375,0.7678571428571429,7.786967002614872,0.94,1,3,3,69.,1490,1099,0910,685,1125,ITEM_TOTAL,invoice2_tokens.json
0910,0910,4,4,0,1,0,0,685,1125,0.33447265625,0.54931640625,111,47,0.05419921875,0.02294921875,2.3617021276595747,8.559869465696673,0.62,1,4,3,00,1560,1091,eastern-60g,822,1128,O,invoice2_tokens.json
EASTERN-60g,eastern-60g,11,2,8,0,0,0,822,1128,0.4013671875,0.55078125,240,50,0.1171875,0.0244140625,4.8,9.39274525863144,0.89,1,4,3,0910,685,1125,i,1157,1142,PRODUCT,invoice2_tokens.json
i,i,1,0,1,0,0,0,1157,1142,0.56494140625,0.5576171875,11,36,0.00537109375,0.017578125,0.3055555555555556,5.983936280687191,0.66,1,4,3,eastern-60g,822,1128,22.,1264,1145,QUANTITY,invoice2_tokens.json
22.,22.,3,2,0,1,0,0,1264,1145,0.6171875,0.55908203125,52,38,0.025390625,0.0185546875,1.368421052631579,7.589335823170617,0.81,1,4,3,i,1157,1142,50,1335,1148,UNIT_PRICE,invoice2_tokens.json
50,50,2,2,0,1,0,0,1335,1148,0.65185546875,0.560546875,37,37,0.01806640625,0.01806640625,1.0,7.222566018822171,0.91,1,4,3,22.,1264,1145,22.,1486,1153,UNIT_PRICE,invoice2_tokens.json
22.,22.,3,2,0,1,0,0,1486,1153,0.7255859375,0.56298828125,51,38,0.02490234375,0.0185546875,1.3421052631578947,7.569927655242652,0.9,1,4,3,50,1335,1148,50,1555,1156,ITEM_TOTAL,invoice2_tokens.json
50,50,2,2,0,1,0,0,1555,1156,0.75927734375,0.564453125,39,36,0.01904296875,0.017578125,1.0833333333333333,7.247792581767846,0.9,1,4,3,22.,1486,1153,smcgst@,660,1179,ITEM_TOTAL,invoice2_tokens.json
smCGST@,smcgst@,7,0,6,0,0,0,660,1179,0.322265625,0.57568359375,202,43,0.0986328125,0.02099609375,4.697674418604652,9.06958293425992,0.0,2,4,3,50,1555,1156,6.00%,888,1185,O,invoice2_tokens.json
6.00%,6.00%,5,3,0,0,0,1,888,1185,0.43359375,0.57861328125,108,41,0.052734375,0.02001953125,2.6341463414634148,8.395929103923198,0.93,2,4,3,smcgst@,660,1179,sgste@,1020,1190,O,invoice2_tokens.json
SGSTe@,sgste@,6,0,5,0,0,0,1020,1190,0.498046875,0.5810546875,107,41,0.05224609375,0.02001953125,2.609756097560976,8.38662882139512,0.47,2,4,3,6.00%,888,1185,6.,1152,1196,O,invoice2_tokens.json
6.,6.,2,1,0,1,0,0,1152,1196,0.5625,0.583984375,29,37,0.01416015625,0.01806640625,0.7837837837837838,6.97914527506881,0.95,2,4,3,sgste@,1020,1190,00%,1199,1197,O,invoice2_tokens.json
00%,00%,3,2,0,0,0,0,1199,1197,0.58544921875,0.58447265625,61,38,0.02978515625,0.0185546875,1.605263157894737,7.7488913372555315,0.96,2,4,3,6.,1152,1196,dabur,825,1238,O,invoice2_tokens.json
DABUR,dabur,5,0,5,0,0,0,825,1238,0.40283203125,0.6044921875,103,39,0.05029296875,0.01904296875,2.641025641025641,8.29853954537488,0.92,1,5,3,00%,1199,1197,pu-30g,952,1242,PRODUCT,invoice2_tokens.json
PU-30g,pu-30g,6,2,3,0,0,0,952,1242,0.46484375,0.6064453125,129,45,0.06298828125,0.02197265625,2.8666666666666667,8.666647144584575,0.91,1,5,3,dabur,825,1238,j,1152,1250,PRODUCT,invoice2_tokens.json
J,j,1,0,1,0,0,0,1152,1250,0.5625,0.6103515625,11,36,0.00537109375,0.017578125,0.3055555555555556,5.983936280687191,0.52,1,5,3,pu-30g,952,1242,39.,1259,1254,QUANTITY,invoice2_tokens.json
39.,39.,3,2,0,1,0,0,1259,1254,0.61474609375,0.6123046875,50,38,0.0244140625,0.0185546875,1.3157894736842106,7.550135342488429,0.91,1,5,3,j,1152,1250,06,1328,1256,UNIT_PRICE,invoice2_tokens.json
06,06,2,2,0,1,0,0,1328,1256,0.6484375,0.61328125,38,37,0.0185546875,0.01806640625,1.027027027027027,7.249215057114389,0.93,1,5,3,39.,1259,1254,39.,1480,1262,UNIT_PRICE,invoice2_tokens.json
39.,39.,3,2,0,1,0,0,1480,1262,0.72265625,0.6162109375,50,38,0.0244140625,0.0185546875,1.3157894736842106,7.550135342488429,0.94,1,5,3,06,1328,1256,06,1549,1265,ITEM_TOTAL,invoice2_tokens.json
06,06,2,2,0,1,0,0,1549,1265,0.75634765625,0.61767578125,38,37,0.0185546875,0.01806640625,1.027027027027027,7.249215057114389,0.95,1,5,3,39.,1480,1262,bs,782,1293,ITEM_TOTAL,invoice2_tokens.json
BS,bs,2,0,2,0,0,0,782,1293,0.3818359375,0.63134765625,2,2,0.0009765625,0.0009765625,1.0,1.6094379124341005,0.0,1,6,3,06,1549,1265,rack,833,1293,O,invoice2_tokens.json
RACK,rack,4,0,4,0,0,0,833,1293,0.40673828125,0.63134765625,93,38,0.04541015625,0.0185546875,2.4473684210526314,8.170468578330674,0.0,1,6,3,bs,782,1293,cr-25g,951,1296,O,invoice2_tokens.json
CR-25g,cr-25g,6,2,3,0,0,0,951,1296,0.46435546875,0.6328125,128,44,0.0625,0.021484375,2.909090909090909,8.636397438894713,0.63,1,6,3,rack,833,1293,=],1150,1304,O,invoice2_tokens.json
=],=],2,0,0,0,0,0,1150,1304,0.5615234375,0.63671875,11,34,0.00537109375,0.0166015625,0.3235294117647059,5.926926025970411,0.41,1,6,3,cr-25g,951,1296,75.,1259,1308,O,invoice2_tokens.json
75.,75.,3,2,0,1,0,0,1259,1308,0.61474609375,0.638671875,48,37,0.0234375,0.01806640625,1.2972972972972974,7.482681828154651,0.89,1,6,3,=],1150,1304,00,1327,1310,UNIT_PRICE,invoice2_tokens.json
00,00,2,2,0,1,0,0,1327,1310,0.64794921875,0.6396484375,36,37,0.017578125,0.01806640625,0.972972972972973,7.195187320178709,0.89,1,6,3,75.,1259,1308,75.,1479,1316,UNIT_PRICE,invoice2_tokens.json
75.,75.,3,2,0,1,0,0,1479,1316,0.72216796875,0.642578125,48,37,0.0234375,0.01806640625,1.2972972972972974,7.482681828154651,0.89,1,6,3,00,1327,1310,00,1548,1319,ITEM_TOTAL,invoice2_tokens.json
00,00,2,2,0,1,0,0,1548,1319,0.755859375,0.64404296875,36,37,0.017578125,0.01806640625,0.972972972972973,7.195187320178709,0.92,1,6,3,75.,1479,1316,p,850,1349,ITEM_TOTAL,invoice2_tokens.json
P,p,1,0,1,0,0,0,850,1349,0.4150390625,0.65869140625,8,29,0.00390625,0.01416015625,0.2758620689655172,5.4510384535657,0.51,1,1,4,00,1548,1319,9.00%,884,1347,O,invoice2_tokens.json
9.00%,9.00%,5,3,0,0,0,1,884,1347,0.431640625,0.65771484375,107,39,0.05224609375,0.01904296875,2.743589743589744,8.336630087637147,0.93,1,1,4,p,850,1349,sgst@,1015,1352,O,invoice2_tokens.json
SGST@,sgst@,5,0,4,0,0,0,1015,1352,0.49560546875,0.66015625,106,39,0.0517578125,0.01904296875,2.717948717948718,8.327242607457793,0.9,1,1,4,9.00%,884,1347,9.,1145,1357,O,invoice2_tokens.json
9.,9.,2,1,0,1,0,0,1145,1357,0.55908203125,0.66259765625,28,36,0.013671875,0.017578125,0.7777777777777778,6.9167150203536085,0.94,1,1,4,sgst@,1015,1352,00%,1189,1359,O,invoice2_tokens.json
00%,00%,3,2,0,0,0,0,1189,1359,0.58056640625,0.66357421875,63,37,0.03076171875,0.01806640625,1.7027027027027026,7.754481547470383,0.79,1,1,4,9.,1145,1357,mos,726,1423,O,invoice2_tokens.json
MOS,mos,3,0,3,0,0,0,726,1423,0.3544921875,0.69482421875,75,11,0.03662109375,0.00537109375,6.818181818181818,6.716594773520978,0.55,1,1,5,00%,1189,1359,ounfeast-1kg,862,1399,PRODUCT,invoice2_tokens.json
OUNFEAST-1kg,ounfeast-1kg,12,1,10,0,0,0,862,1399,0.4208984375,0.68310546875,213,47,0.10400390625,0.02294921875,4.531914893617022,9.211539652551664,0.55,1,1,5,mos,726,1423,2,1144,1410,PRODUCT,invoice2_tokens.json
2,2,1,1,0,1,0,0,1144,1410,0.55859375,0.6884765625,18,36,0.0087890625,0.017578125,0.5,6.47543271670409,0.84,1,1,5,ounfeast-1kg,862,1399,99.,1252,1415,QUANTITY,invoice2_tokens.json
99.,99.,3,2,0,1,0,0,1252,1415,0.611328125,0.69091796875,106,39,0.0517578125,0.01904296875,2.717948717948718,8.327242607457793,0.84,1,1,5,2,1144,1410,99,1319,1395,UNIT_PRICE,invoice2_tokens.json
99,99,2,2,0,1,0,0,1319,1395,0.64404296875,0.68115234375,43,64,0.02099609375,0.03125,0.671875,7.920446505142607,0.85,1,1,5,99.,1252,1415,198.,1452,1424,UNIT_PRICE,invoice2_tokens.json
198.,198.,4,3,0,1,0,0,1452,1424,0.708984375,0.6953125,125,40,0.06103515625,0.01953125,3.125,8.517393171418904,0.94,1,1,5,99,1319,1395,00,1539,1420,ITEM_TOTAL,invoice2_tokens.json
00,00,2,2,0,1,0,0,1539,1420,0.75146484375,0.693359375,40,58,0.01953125,0.0283203125,0.6896551724137931,7.749753406274437,0.96,1,1,5,198.,1452,1424,1905,710,1429,ITEM_TOTAL,invoice2_tokens.json
1905,1905,4,4,0,1,0,0,710,1429,0.3466796875,0.69775390625,83,55,0.04052734375,0.02685546875,1.509090909090909,8.42639282708974,0.96,2,1,5,00,1539,1420,monginis-40g,817,1450,O,invoice2_tokens.json
MONGINIS-40g,monginis-40g,12,2,9,0,0,0,817,1450,0.39892578125,0.7080078125,257,48,0.12548828125,0.0234375,5.354166666666667,9.420358156071464,0.8,2,1,5,1905,710,1429,2,1141,1463,PRODUCT,invoice2_tokens.json
2,2,1,1,0,1,0,0,1141,1463,0.55712890625,0.71435546875,19,36,0.00927734375,0.017578125,0.5277777777777778,6.529418838262226,0.84,2,1,5,monginis-40g,817,1450,7.00,1273,1469,QUANTITY,invoice2_tokens.json
7.00,7.00,4,3,0,1,0,1,1273,1469,0.62158203125,0.71728515625,82,38,0.0400390625,0.0185546875,2.1578947368421053,8.044626279767337,0.9,2,1,5,2,1141,1463,tax,1037,624,UNIT_PRICE,invoice2_tokens.json
TAX,tax,3,0,3,0,0,0,1037,624,0.50634765625,0.3046875,66,42,0.0322265625,0.0205078125,1.5714285714285714,7.927685045615778,0.95,1,1,6,7.00,1273,1469,invoice,1133,628,O,invoice2_tokens.json
INVOICE,invoice,7,0,7,0,0,0,1133,628,0.55322265625,0.306640625,153,46,0.07470703125,0.0224609375,3.3260869565217392,8.85922139360813,0.96,1,1,6,tax,1037,624,bill,736,671,O,invoice2_tokens.json
Bill,bill,4,0,4,0,0,0,736,671,0.359375,0.32763671875,80,43,0.0390625,0.02099609375,1.8604651162790695,8.14351740579748,0.95,2,1,6,invoice,1133,628,no,850,675,O,invoice2_tokens.json
No,no,2,0,2,0,0,0,850,675,0.4150390625,0.32958984375,81,42,0.03955078125,0.0205078125,1.9285714285714288,8.132412674500905,0.92,2,1,6,bill,736,671,:,920,667,O,invoice2_tokens.json
:,:,1,0,0,0,0,0,920,667,0.44921875,0.32568359375,19,73,0.00927734375,0.03564453125,0.2602739726027397,7.23561914106675,0.86,2,1,6,no,850,675,401401008-001492,964,681,O,invoice2_tokens.json
401401008-001492,401401008-001492,16,15,0,0,0,0,964,681,0.470703125,0.33251953125,368,53,0.1796875,0.02587890625,6.943396226415095,9.878426121940755,0.9,2,1,6,:,920,667,14.,1471,1478,INVOICE_NUMBER,invoice2_tokens.json
14.,14.,3,2,0,1,0,0,1471,1478,0.71826171875,0.7216796875,103,39,0.05029296875,0.01904296875,2.641025641025641,8.29853954537488,0.81,1,1,7,401401008-001492,964,681,00,1538,1474,O,invoice2_tokens.json
00,00,2,2,0,1,0,0,1538,1474,0.7509765625,0.7197265625,39,57,0.01904296875,0.02783203125,0.6842105263157895,7.707062655370473,0.96,1,1,7,14.,1471,1478,2104,708,1498,O,invoice2_tokens.json
2104,2104,4,4,0,1,0,0,708,1498,0.345703125,0.7314453125,84,38,0.041015625,0.0185546875,2.210526315789474,8.068716192714781,0.96,2,1,7,00,1538,1474,knorr,816,1502,O,invoice2_tokens.json
KNORR,knorr,5,0,5,0,0,0,816,1502,0.3984375,0.7333984375,105,39,0.05126953125,0.01904296875,2.6923076923076925,8.317766166719343,0.89,2,1,7,2104,708,1498,ma-12g,946,1507,PRODUCT,invoice2_tokens.json
MA-12g,ma-12g,6,2,3,0,0,0,946,1507,0.4619140625,0.73583984375,126,43,0.0615234375,0.02099609375,2.9302325581395348,8.597666575566114,0.89,2,1,7,knorr,816,1502,2,1139,1515,PRODUCT,invoice2_tokens.json
2,2,1,1,0,1,0,0,1139,1515,0.55615234375,0.73974609375,19,36,0.00927734375,0.017578125,0.5277777777777778,6.529418838262226,0.85,2,1,7,ma-12g,946,1507,9.,1269,1522,QUANTITY,invoice2_tokens.json
9.,9.,2,1,0,1,0,0,1269,1522,0.61962890625,0.7431640625,28,36,0.013671875,0.017578125,0.7777777777777778,6.9167150203536085,0.94,2,1,7,2,1139,1515,30,1317,1524,UNIT_PRICE,invoice2_tokens.json
30,30,2,2,0,1,0,0,1317,1524,0.64306640625,0.744140625,35,36,0.01708984375,0.017578125,0.9722222222222222,7.13966033596492,0.96,2,1,7,9.,1269,1522,18.,1468,1531,UNIT_PRICE,invoice2_tokens.json
18.,18.,3,2,0,1,0,0,1468,1531,0.716796875,0.74755859375,47,36,0.02294921875,0.017578125,1.3055555555555556,7.434257382133135,0.95,2,1,7,30,1317,1524,60,1535,1534,ITEM_TOTAL,invoice2_tokens.json
60,60,2,2,0,1,0,0,1535,1534,0.74951171875,0.7490234375,36,36,0.017578125,0.017578125,1.0,7.167809184316444,0.96,2,1,7,18.,1468,1531,3304,707,1550,ITEM_TOTAL,invoice2_tokens.json
3304,3304,4,4,0,1,0,0,707,1550,0.34521484375,0.7568359375,84,38,0.041015625,0.0185546875,2.210526315789474,8.068716192714781,0.9,3,1,7,60,1535,1534,johnso-500m],816,1554,O,invoice2_tokens.json
JOHNSO-500m],johnso-500m],12,3,7,0,0,0,816,1554,0.3984375,0.7587890625,247,44,0.12060546875,0.021484375,5.613636363636363,9.293669979563187,0.42,3,1,7,3304,707,1550,1,1140,1567,PRODUCT,invoice2_tokens.json
1,1,1,1,0,1,0,0,1140,1567,0.556640625,0.76513671875,11,34,0.00537109375,0.0166015625,0.3235294117647059,5.926926025970411,0.56,3,1,7,johnso-500m],816,1554,"175,00",1226,1572,QUANTITY,invoice2_tokens.json
"175,00","175,00",6,5,0,1,0,0,1226,1572,0.5986328125,0.767578125,124,40,0.060546875,0.01953125,3.1,8.509362612301048,0.76,3,1,7,1,1140,1567,175.,1444,1583,UNIT_PRICE,invoice2_tokens.json
175.,175.,4,3,0,1,0,0,1444,1583,0.705078125,0.77294921875,124,40,0.060546875,0.01953125,3.1,8.509362612301048,0.73,3,1,7,"175,00",1226,1572,00,1531,1568,ITEM_TOTAL,invoice2_tokens.json
00,00,2,2,0,1,0,0,1531,1568,0.74755859375,0.765625,38,63,0.0185546875,0.03076171875,0.6031746031746031,7.781138509845015,0.88,3,1,7,175.,1444,1583,3305,707,1602,ITEM_TOTAL,invoice2_tokens.json
3305,3305,4,4,0,1,0,0,707,1602,0.34521484375,0.7822265625,83,38,0.04052734375,0.0185546875,2.1842105263157894,8.056743774975313,0.92,4,1,7,00,1531,1568,hns,815,1606,O,invoice2_tokens.json
HNS,hns,3,0,3,0,0,0,815,1606,0.39794921875,0.7841796875,61,37,0.02978515625,0.01806640625,1.648648648648649,7.722234744709607,0.92,4,1,7,3305,707,1602,an-650m],899,1610,PRODUCT,invoice2_tokens.json
AN-650m],an-650m],8,3,3,0,0,0,899,1610,0.43896484375,0.7861328125,162,39,0.0791015625,0.01904296875,4.153846153846154,8.751316246773456,0.76,4,1,7,hns,815,1606,1,1139,1619,PRODUCT,invoice2_tokens.json
1,1,1,1,0,1,0,0,1139,1619,0.55615234375,0.79052734375,10,34,0.0048828125,0.0166015625,0.2941176470588235,5.831882477283517,0.39,4,1,7,an-650m],899,1610,280.00,1221,1623,QUANTITY,invoice2_tokens.json
280.00,280.00,6,5,0,1,0,1,1221,1623,0.59619140625,0.79248046875,126,41,0.0615234375,0.02001953125,3.073170731707317,8.550047528287184,0.66,4,1,7,1,1139,1619,250.,1437,1635,UNIT_PRICE,invoice2_tokens.json
250.,250.,4,3,0,1,0,0,1437,1635,0.70166015625,0.79833984375,128,39,0.0625,0.01904296875,3.282051282051282,8.51579221050061,0.65,4,1,7,280.00,1221,1623,00,1531,1619,ITEM_TOTAL,invoice2_tokens.json
00,00,2,2,0,1,0,0,1531,1619,0.74755859375,0.79052734375,38,64,0.0185546875,0.03125,0.59375,7.796880342783522,0.88,4,1,7,250.,1437,1635,3306,707,1654,ITEM_TOTAL,invoice2_tokens.json
3306,3306,4,4,0,1,0,0,707,1654,0.34521484375,0.8076171875,82,38,0.0400390625,0.0185546875,2.1578947368421053,8.044626279767337,0.92,5,1,7,00,1531,1619,colgate-120g,814,1658,O,invoice2_tokens.json
COLGATE-120g,colgate-120g,12,3,8,0,0,0,814,1658,0.3974609375,0.8095703125,252,47,0.123046875,0.02294921875,5.361702127659575,9.379661116592883,0.58,5,1,7,3306,707,1654,4,1136,1671,PRODUCT,invoice2_tokens.json
4,4,1,1,0,1,0,0,1136,1671,0.5546875,0.81591796875,11,33,0.00537109375,0.01611328125,0.3333333333333333,5.8971538676367405,0.59,5,1,7,colgate-120g,814,1658,69.,1240,1675,QUANTITY,invoice2_tokens.json
69.,69.,3,2,0,1,0,0,1240,1675,0.60546875,0.81787109375,50,37,0.0244140625,0.01806640625,1.351351351351351,7.523481312573497,0.94,5,1,7,4,1136,1671,00,1308,1679,UNIT_PRICE,invoice2_tokens.json
00,00,2,2,0,1,0,0,1308,1679,0.638671875,0.81982421875,37,36,0.01806640625,0.017578125,1.0277777777777777,7.195187320178709,0.94,5,1,7,69.,1240,1675,69.,1456,1688,UNIT_PRICE,invoice2_tokens.json
69.,69.,3,2,0,1,0,0,1456,1688,0.7109375,0.82421875,50,36,0.0244140625,0.017578125,1.3888888888888888,7.496097345175956,0.95,5,1,7,00,1308,1679,00,1523,1691,ITEM_TOTAL,invoice2_tokens.json
00,00,2,2,0,1,0,0,1523,1691,0.74365234375,0.82568359375,38,35,0.0185546875,0.01708984375,1.0857142857142856,7.193685818395112,0.95,5,1,7,69.,1456,1688,3306,706,1706,ITEM_TOTAL,invoice2_tokens.json
3306,3306,4,4,0,1,0,0,706,1706,0.3447265625,0.8330078125,82,37,0.0400390625,0.01806640625,2.216216216216216,8.017966703493599,0.92,6,1,7,00,1523,1691,lister-500m],812,1710,O,invoice2_tokens.json
LISTER-500m],lister-500m],12,3,7,0,0,0,812,1710,0.396484375,0.8349609375,246,43,0.1201171875,0.02099609375,5.72093023255814,9.266626182986776,0.83,6,1,7,3306,706,1706,2,1132,1722,PRODUCT,invoice2_tokens.json
2,2,1,1,0,1,0,0,1132,1722,0.552734375,0.8408203125,18,34,0.0087890625,0.0166015625,0.5294117647058824,6.418364935936212,0.8,6,1,7,lister-500m],812,1710,"122,60",1220,1726,QUANTITY,invoice2_tokens.json
"122,60","122,60",6,5,0,1,0,0,1220,1726,0.595703125,0.8427734375,122,40,0.0595703125,0.01953125,3.05,8.493105395887147,0.7,6,1,7,2,1132,1722,245.,1431,1738,UNIT_PRICE,invoice2_tokens.json
245.,245.,4,3,0,1,0,0,1431,1738,0.69873046875,0.8486328125,127,39,0.06201171875,0.01904296875,3.2564102564102564,8.507950610049305,0.71,6,1,7,"122,60",1220,1726,00,1520,1722,ITEM_TOTAL,invoice2_tokens.json
00,00,2,2,0,1,0,0,1520,1722,0.7421875,0.8408203125,43,63,0.02099609375,0.03076171875,0.6825396825396826,7.904703913873747,0.93,6,1,7,245.,1431,1738,3307,705,1758,ITEM_TOTAL,invoice2_tokens.json
3307,3307,4,4,0,1,0,0,705,1758,0.34423828125,0.8583984375,82,37,0.0400390625,0.01806640625,2.216216216216216,8.017966703493599,0.92,1,1,8,00,1520,1722,meadows-10g,811,1761,O,invoice2_tokens.json
MEADOWS-10g,meadows-10g,11,2,8,0,0,0,811,1761,0.39599609375,0.85986328125,231,46,0.11279296875,0.0224609375,5.021739130434782,9.271153211372695,0.56,1,1,8,3307,705,1758,2,1130,1773,PRODUCT,invoice2_tokens.json
2,2,1,1,0,1,0,0,1130,1773,0.5517578125,0.86572265625,18,35,0.0087890625,0.01708984375,0.5142857142857142,6.447305862541213,0.87,1,1,8,meadows-10g,811,1761,97,1236,1778,QUANTITY,invoice2_tokens.json
97,97,2,2,0,1,0,0,1236,1778,0.603515625,0.8681640625,49,36,0.02392578125,0.017578125,1.3611111111111112,7.475905969367397,0.9,1,1,8,2,1130,1773,54.,1450,1791,UNIT_PRICE,invoice2_tokens.json
54.,54.,3,2,0,1,0,0,1450,1791,0.7080078125,0.87451171875,49,35,0.02392578125,0.01708984375,1.4,7.447751280047908,0.75,1,1,8,97,1236,1778,00,1514,1793,UNIT_PRICE,invoice2_tokens.json
00,00,2,2,0,1,0,0,1514,1793,0.7392578125,0.87548828125,40,34,0.01953125,0.0166015625,1.1764705882352942,7.215975002651466,0.88,1,1,8,54.,1450,1791,00,1300,1781,ITEM_TOTAL,invoice2_tokens.json
00,00,2,2,0,1,0,0,1300,1781,0.634765625,0.86962890625,40,36,0.01953125,0.017578125,1.1111111111111112,7.273092595999522,0.96,1,1,9,00,1514,1793,4,702,1810,ITEM_TOTAL,invoice2_tokens.json
4,4,1,1,0,1,0,0,702,1810,0.3427734375,0.8837890625,19,34,0.00927734375,0.0166015625,0.5588235294117647,6.472346294500901,0.92,2,1,9,00,1300,1781,cgst@,746,1811,O,invoice2_tokens.json
CGST@,cgst@,5,0,4,0,0,0,746,1811,0.3642578125,0.88427734375,103,37,0.05029296875,0.01806640625,2.783783783783784,8.245909264774093,0.92,2,1,9,4,702,1810,14.00%,876,1814,O,invoice2_tokens.json
14.00%,14.00%,6,4,0,0,0,1,876,1814,0.427734375,0.8857421875,123,39,0.06005859375,0.01904296875,3.1538461538461537,8.47595444339964,0.9,2,1,9,cgst@,746,1811,sgst@,1022,1820,O,invoice2_tokens.json
SGST@,sgst@,5,0,4,0,0,0,1022,1820,0.4990234375,0.888671875,103,38,0.05029296875,0.0185546875,2.710526315789474,8.272570608424903,0.89,2,1,9,14.00%,876,1814,14.,1152,1826,O,invoice2_tokens.json
14.,14.,3,2,0,1,0,0,1152,1826,0.5625,0.8916015625,46,35,0.0224609375,0.01708984375,1.3142857142857145,7.384610383176974,0.94,2,1,9,sgst@,1022,1820,ony,1213,1828,O,invoice2_tokens.json
ony,ony,3,0,3,0,0,0,1213,1828,0.59228515625,0.892578125,60,35,0.029296875,0.01708984375,1.7142857142857142,7.650168700845001,0.39,2,1,9,14.,1152,1826,cess@,1298,1831,O,invoice2_tokens.json
CESS@,cess@,5,0,4,0,0,0,1298,1831,0.6337890625,0.89404296875,103,40,0.05029296875,0.01953125,2.575,8.323851131338817,0.92,2,1,9,ony,1213,1828,"12,",1429,1840,O,invoice2_tokens.json
"12,","12,",3,2,0,1,0,0,1429,1840,0.69775390625,0.8984375,46,36,0.0224609375,0.017578125,1.2777777777777777,7.412764017426562,0.84,2,1,9,cess@,1298,1831,00%,1490,1843,O,invoice2_tokens.json
00%,00%,3,2,0,0,0,0,1490,1843,0.7275390625,0.89990234375,61,35,0.02978515625,0.01708984375,1.7428571428571429,7.666690200080086,0.96,2,1,9,"12,",1429,1840,2202,702,1862,O,invoice2_tokens.json
2202,2202,4,4,0,1,0,0,702,1862,0.3427734375,0.9091796875,82,35,0.0400390625,0.01708984375,2.342857142857143,7.962415680121064,0.93,3,1,9,00%,1490,1843,monste-350ml,809,1864,O,invoice2_tokens.json
MONSTE-350ml,monste-350ml,12,3,8,0,0,0,809,1864,0.39501953125,0.91015625,244,42,0.119140625,0.0205078125,5.809523809523809,9.234935418831563,0.61,3,1,9,2202,702,1862,2,1126,1875,PRODUCT,invoice2_tokens.json
2,2,1,1,0,1,0,0,1126,1875,0.5498046875,0.91552734375,18,34,0.0087890625,0.0166015625,0.5294117647058824,6.418364935936212,0.87,3,1,9,monste-350ml,809,1864,59.00,1232,1879,QUANTITY,invoice2_tokens.json
59.00,59.00,5,4,0,1,0,1,1232,1879,0.6015625,0.91748046875,103,38,0.05029296875,0.0185546875,2.710526315789474,8.272570608424903,0.81,3,1,9,2,1126,1875,118.,1427,1890,UNIT_PRICE,invoice2_tokens.json
118.,118.,4,3,0,1,0,0,1427,1890,0.69677734375,0.9228515625,67,37,0.03271484375,0.01806640625,1.8108108108108107,7.8160138391590275,0.88,3,1,9,59.00,1232,1879,00,1509,1894,ITEM_TOTAL,invoice2_tokens.json
00,00,2,2,0,1,0,0,1509,1894,0.73681640625,0.9248046875,39,35,0.01904296875,0.01708984375,1.1142857142857143,7.219642040130735,0.96,3,1,9,118.,1427,1890,items:,704,1962,ITEM_TOTAL,invoice2_tokens.json
Items:,items:,6,0,5,0,0,0,704,1962,0.34375,0.9580078125,113,37,0.05517578125,0.01806640625,3.054054054054054,8.338544879988579,0.93,1,1,10,00,1509,1894,13,873,1967,O,invoice2_tokens.json
13,13,2,2,0,1,0,0,873,1967,0.42626953125,0.96044921875,36,35,0.017578125,0.01708984375,1.0285714285714285,7.13966033596492,0.93,1,1,10,items:,704,1962,qty:,933,1969,O,invoice2_tokens.json
Qty:,qty:,4,0,3,0,0,0,933,1969,0.45556640625,0.96142578125,74,40,0.0361328125,0.01953125,1.85,7.993282328101591,0.96,1,1,10,13,873,1967,cd,1281,1984,O,invoice2_tokens.json
CD,cd,2,0,2,0,0,0,1281,1984,0.62548828125,0.96875,69,64,0.03369140625,0.03125,1.078125,8.393216011596527,0.33,1,1,10,qty:,933,1969,1347.,1390,1980,O,invoice2_tokens.json
1347.,1347.,5,4,0,1,0,0,1390,1980,0.6787109375,0.966796875,98,68,0.0478515625,0.033203125,1.4411764705882353,8.804625232612809,0.91,1,1,10,cd,1281,1984,16,1506,1995,TOTAL,invoice2_tokens.json
16,16,2,2,0,1,0,0,1506,1995,0.7353515625,0.97412109375,37,34,0.01806640625,0.0166015625,1.088235294117647,7.138073034044347,0.96,1,1,10,1347.,1390,1980,,0,0,TOTAL,invoice2_tokens.json
dajrang,dajrang,7,0,7,0,0,0,273,51,0.2191011235955056,0.022077922077922,286,82,0.2295345104333868,0.0354978354978355,3.4878048780487805,10.062753697461575,0.37,1,1,1,,0,0,kirana,576,69,SUPPLIER,kirana1_tokens.json
Kirana,kirana,6,0,6,0,0,0,576,69,0.4622792937399679,0.0298701298701298,248,70,0.1990369181380417,0.0303030303030303,3.5428571428571427,9.761981590241948,0.91,1,1,1,dajrang,273,51,stores,845,92,SUPPLIER,kirana1_tokens.json
Stores,stores,6,0,6,0,0,0,845,92,0.6781701444622793,0.0398268398268398,229,64,0.1837881219903691,0.0277056277056277,3.578125,9.5926733160273,0.85,1,1,1,kirana,576,69,"4-289/2,",301,137,SUPPLIER,kirana1_tokens.json
"4-289/2,","4-289/2,",8,5,0,0,0,0,301,137,0.2415730337078651,0.0593073593073593,208,56,0.1669341894060995,0.0242424242424242,3.7142857142857135,9.362975618399776,0.74,2,1,1,stores,845,92,navajeevan,540,153,O,kirana1_tokens.json
Navajeevan,navajeevan,10,0,10,0,0,0,540,153,0.4333868378812199,0.0662337662337662,296,61,0.2375601926163724,0.0264069264069264,4.852459016393443,9.80128870021588,0.92,2,1,1,"4-289/2,",301,137,na,866,179,O,kirana1_tokens.json
Na,na,2,0,2,0,0,0,866,179,0.695024077046549,0.0774891774891774,67,42,0.0537720706260032,0.0181818181818181,1.5952380952380951,7.942717540573791,0.96,2,1,1,navajeevan,540,153,7,476,2054,O,kirana1_tokens.json
7,7,1,1,0,1,0,0,476,2054,0.3820224719101123,0.8891774891774892,18,24,0.0144462279293739,0.0103896103896103,0.75,6.07073772800249,0.49,1,1,2,na,866,179,“navajeevan,544,2013,O,kirana1_tokens.json
“Navajeevan,“navajeevan,11,0,10,0,0,0,544,2013,0.4365971107544141,0.8714285714285714,337,85,0.2704654895666131,0.0367965367965368,3.964705882352941,10.262769096339811,0.73,1,1,2,7,476,2054,naga,925,2044,O,kirana1_tokens.json
Naga,naga,4,0,4,0,0,0,925,2044,0.7423756019261637,0.8848484848484849,128,50,0.102728731942215,0.0216450216450216,2.56,8.764209507142004,0.32,1,1,2,“navajeevan,544,2013,agar.,471,2082,O,kirana1_tokens.json
agar.,agar.,5,0,4,0,0,0,471,2082,0.3780096308186196,0.9012987012987012,146,79,0.117174959871589,0.0341991341991342,1.8481012658227849,9.353141170607854,0.8,2,1,2,naga,925,2044,hyderabad,655,2106,O,kirana1_tokens.json
HYDERABAD,hyderabad,9,0,9,0,0,0,655,2106,0.5256821829855538,0.9116883116883115,348,48,0.2792937399678972,0.0207792207792207,7.25,9.723463354790857,0.65,2,1,2,agar.,471,2082,,0,0,O,kirana1_tokens.json
