text,text_lower,length,digit_count,alphabet_count,is_numeric,is_date,contains_currency,x,y,relative_x,relative_y,width,height,relative_width,relative_height,aspect_ratio,log_area,ocr_confidence,line_number,paragraph_number,block_number,previous_text,previous_x,previous_y,next_text,next_x,next_y,label,document,source
AVENUE,avenue,6,0,6,0,0,0,936,17,0.45703125,0.00830078125,139,42,0.06787109375,0.0205078125,3.3095238095238093,8.672314828283538,0.93,1,1,2,,0,0,supermarts!,1105,14,SUPPLIER,invoice2.jpg,real
SUPERMARTS!,supermarts!,11,0,10,0,0,0,1105,14,0.53955078125,0.0068359375,236,52,0.115234375,0.025390625,4.538461538461538,9.415157006597509,0.72,1,1,2,avenue,936,17,ltd,1369,27,SUPPLIER,invoice2.jpg,real
LTD,ltd,3,0,3,0,0,0,1369,27,0.66845703125,0.01318359375,68,41,0.033203125,0.02001953125,1.6585365853658536,7.933438387627489,0.96,1,1,2,supermarts!,1105,14,in,889,73,SUPPLIER,invoice2.jpg,real
IN,in,2,0,2,0,0,0,889,73,0.43408203125,0.03564453125,43,46,0.02099609375,0.0224609375,0.9347826086956522,7.590346945602565,0.94,2,1,2,ltd,1369,27,‘=,966,87,O,invoice2.jpg,real
‘=,‘=,2,0,0,0,0,0,966,87,0.4716796875,0.04248046875,35,25,0.01708984375,0.01220703125,1.4,6.775366090936392,0.36,2,1,2,in,889,73,l51900mh2000plc126473,1030,81,O,invoice2.jpg,real
L51900MH2000PLC126473,l51900mh2000plc126473,21,15,6,0,0,0,1030,81,0.5029296875,0.03955078125,501,53,0.24462890625,0.02587890625,9.452830188679245,10.186935674455848,0.74,2,1,2,‘=,966,87,gstin,910,138,O,invoice2.jpg,real
GSTIN,gstin,5,0,5,0,0,0,910,138,0.4443359375,0.0673828125,115,45,0.05615234375,0.02197265625,2.5555555555555554,8.551787836180736,0.91,3,1,2,l51900mh2000plc126473,1030,81,:,1058,151,O,invoice2.jpg,real
:,:,1,0,0,0,0,0,1058,151,0.5166015625,0.07373046875,6,25,0.0029296875,0.01220703125,0.24,5.017279836814924,0.56,3,1,2,gstin,910,138,27aacca8432h170,1100,145,O,invoice2.jpg,real
27AACCA8432H170,27aacca8432h170,15,9,6,0,0,0,1100,145,0.537109375,0.07080078125,355,52,0.17333984375,0.025390625,6.826923076923077,9.82341567777057,0.65,3,1,2,:,1058,151,fssat,908,199,O,invoice2.jpg,real
FSSAT,fssat,5,0,5,0,0,0,908,199,0.443359375,0.09716796875,110,46,0.0537109375,0.0224609375,2.391304347826087,8.529319371214077,0.91,4,1,2,27aacca8432h170,1100,145,no:,1050,204,O,invoice2.jpg,real
NO:,no:,3,0,2,0,0,0,1050,204,0.5126953125,0.099609375,59,43,0.02880859375,0.02099609375,1.372093023255814,7.839131648274333,0.25,4,1,2,fssat,908,199,11518015000352,1125,208,O,invoice2.jpg,real
11518015000352,11518015000352,14,14,0,1,0,0,1125,208,0.54931640625,0.1015625,326,50,0.1591796875,0.0244140625,6.52,9.69898173460629,0.25,4,1,2,no:,1050,204,d-mart,975,324,O,invoice2.jpg,real
D-Mart,d-mart,6,0,5,0,0,0,975,324,0.47607421875,0.158203125,134,45,0.0654296875,0.02197265625,2.977777777777778,8.704668113450987,0.78,5,1,2,11518015000352,1125,208,k,1141,330,O,invoice2.jpg,real
K,k,1,0,1,0,0,0,1141,330,0.55712890625,0.1611328125,19,39,0.00927734375,0.01904296875,0.48717948717948717,6.60934924316738,0.92,5,1,2,d-mart,975,324,khajrane,1188,333,O,invoice2.jpg,real
Khajrane,khajrane,8,0,8,0,0,0,1188,333,0.580078125,0.16259765625,185,44,0.09033203125,0.021484375,4.204545454545454,9.004668301573977,0.7,5,1,2,k,1141,330,plot,809,377,O,invoice2.jpg,real
Plot,plot,4,0,4,0,0,0,809,377,0.39501953125,0.18408203125,87,44,0.04248046875,0.021484375,1.9772727272727273,8.250358951477294,0.96,6,1,2,khajrane,1188,333,"no,",926,382,O,invoice2.jpg,real
"No,","no,",3,0,2,0,0,0,926,382,0.4521484375,0.1865234375,54,42,0.0263671875,0.0205078125,1.2857142857142858,7.727094484779841,0.81,6,1,2,plot,809,377,"105,",1001,385,O,invoice2.jpg,real
"105,","105,",4,3,0,1,0,0,1001,385,0.48876953125,0.18798828125,73,46,0.03564453125,0.0224609375,1.5869565217391304,8.119398589612294,0.84,6,1,2,"no,",926,382,naik,1115,390,O,invoice2.jpg,real
Naik,naik,4,0,4,0,0,0,1115,390,0.54443359375,0.1904296875,87,42,0.04248046875,0.0205078125,2.0714285714285716,8.203851372183879,0.96,6,1,2,"105,",1001,385,"circle,",1233,394,O,invoice2.jpg,real
"Circle,","circle,",7,0,6,0,0,0,1233,394,0.60205078125,0.1923828125,147,48,0.07177734375,0.0234375,3.0625,8.86177531100083,0.93,6,1,2,naik,1115,390,"sec-7,",1422,403,O,invoice2.jpg,real
"Sec-7,","sec-7,",6,1,3,0,0,0,1422,403,0.6943359375,0.19677734375,123,44,0.06005859375,0.021484375,2.7954545454545454,8.596558746796978,0.91,6,1,2,"circle,",1233,394,"koparkhajrane,",760,435,O,invoice2.jpg,real
"Koparkhajrane,","koparkhajrane,",14,0,13,0,0,0,760,435,0.37109375,0.21240234375,312,56,0.15234375,0.02734375,5.571428571428571,9.768412111339039,0.8,7,1,2,"sec-7,",1422,403,nav},1136,450,O,invoice2.jpg,real
Nav},nav},4,0,3,0,0,0,1136,450,0.5546875,0.2197265625,82,42,0.0400390625,0.0205078125,1.9523809523809523,8.144679183447758,0.86,7,1,2,"koparkhajrane,",760,435,mumbai=,1254,456,O,invoice2.jpg,real
Mumbai=,mumbai=,7,0,6,0,0,0,1254,456,0.6123046875,0.22265625,158,42,0.0771484375,0.0205078125,3.761904761904762,8.800415333145924,0.31,7,1,2,nav},1136,450,400709,1442,464,O,invoice2.jpg,real
400709,400709,6,6,0,1,0,0,1442,464,0.7041015625,0.2265625,138,42,0.0673828125,0.0205078125,3.2857142857142856,8.665095821339733,0.96,7,1,2,mumbai=,1254,456,phone,946,502,O,invoice2.jpg,real
Phone,phone,5,0,5,0,0,0,946,502,0.4619140625,0.2451171875,113,45,0.05517578125,0.02197265625,2.511111111111111,8.534246945982066,0.93,1,1,3,400709,1442,464,:,1093,516,O,invoice2.jpg,real
:,:,1,0,0,0,0,0,1093,516,0.53369140625,0.251953125,5,24,0.00244140625,0.01171875,0.20833333333333334,4.795790545596741,0.09,1,1,3,phone,946,502,022-39336300,1134,511,O,invoice2.jpg,real
022-39336300,022-39336300,12,11,0,0,0,0,1134,511,0.5537109375,0.24951171875,277,48,0.13525390625,0.0234375,5.770833333333333,9.495293724856706,0.92,1,1,3,:,1093,516,bill,735,729,O,invoice2.jpg,real
Bill,bill,4,0,4,0,0,0,735,729,0.35888671875,0.35595703125,81,43,0.03955078125,0.02099609375,1.8837209302325582,8.155936337972394,0.92,2,1,3,022-39336300,1134,511,dt,849,733,O,invoice2.jpg,real
Dt,dt,2,0,2,0,0,0,849,733,0.41455078125,0.35791015625,81,42,0.03955078125,0.0205078125,1.9285714285714286,8.132412674500905,0.92,2,1,3,bill,735,729,:,915,725,O,invoice2.jpg,real
:,:,1,0,0,0,0,0,915,725,0.44677734375,0.35400390625,22,65,0.0107421875,0.03173828125,0.3384615384615385,7.266128779556451,0.88,2,1,3,dt,849,733,05/01/2020,964,738,O,invoice2.jpg,real
05/01/2020,05/01/2020,10,8,0,0,1,0,964,738,0.470703125,0.3603515625,226,48,0.1103515625,0.0234375,4.708333333333333,9.29182818882245,0.91,2,1,3,:,915,725,vou.,1217,749,DATE,invoice2.jpg,real
Vou.,vou.,4,0,3,0,0,0,1217,749,0.59423828125,0.36572265625,75,41,0.03662109375,0.02001953125,1.829268292682927,8.031385330625534,0.92,2,1,3,05/01/2020,964,738,:$007008-0231,1314,754,O,invoice2.jpg,real
:$007008-0231,:$007008-0231,13,10,0,0,0,1,1314,754,0.6416015625,0.3681640625,286,48,0.1396484375,0.0234375,5.958333333333333,9.527265662897605,0.01,2,1,3,vou.,1217,749,cashier,735,787,INVOICE_NUMBER,invoice2.jpg,real
Cashier,cashier,7,0,7,0,0,0,735,787,0.35888671875,0.38427734375,155,45,0.07568359375,0.02197265625,3.4444444444444446,8.850230965588816,0.92,3,1,3,:$007008-0231,1314,754,:,923,802,O,invoice2.jpg,real
:,:,1,0,0,0,0,0,923,802,0.45068359375,0.3916015625,6,25,0.0029296875,0.01220703125,0.24,5.017279836814924,0.87,3,1,3,cashier,735,787,aks/007796,961,797,O,invoice2.jpg,real
AKS/007796,aks/007796,10,6,3,0,0,0,961,797,0.46923828125,0.38916015625,226,47,0.1103515625,0.02294921875,4.808510638297872,9.270776740780013,0.92,3,1,3,:,923,802,mime,1284,809,O,invoice2.jpg,real
Mime,mime,4,0,4,0,0,0,1284,809,0.626953125,0.39501953125,86,78,0.0419921875,0.0380859375,1.1025641025641026,8.811205187562887,0.68,3,1,3,aks/007796,961,797,:,1403,823,O,invoice2.jpg,real
:,:,1,0,0,0,0,0,1403,823,0.68505859375,0.40185546875,5,22,0.00244140625,0.0107421875,0.22727272727272727,4.709530201312334,0.07,3,1,3,mime,1284,809,6:06pm,1466,817,O,invoice2.jpg,real
6:06PM,6:06pm,6,3,2,0,0,0,1466,817,0.7158203125,0.39892578125,134,43,0.0654296875,0.02099609375,3.116279069767442,8.659213451436667,0.66,3,1,3,:,1403,823,1,713,1014,O,invoice2.jpg,real
1,1,1,1,0,1,0,0,713,1014,0.34814453125,0.4951171875,11,38,0.00537109375,0.0185546875,0.2894736842105263,6.037870919922137,0.91,1,2,3,6:06pm,1466,817,cgst@,756,1015,O,invoice2.jpg,real
CGST@,cgst@,5,0,4,0,0,0,756,1015,0.369140625,0.49560546875,109,42,0.05322265625,0.0205078125,2.5952380952380953,8.429235912657095,0.69,1,2,3,1,713,1014,2.50%,891,1020,O,invoice2.jpg,real
2.50%,2.50%,5,3,0,0,0,1,891,1020,0.43505859375,0.498046875,109,42,0.05322265625,0.0205078125,2.5952380952380953,8.429235912657095,0.91,1,2,3,cgst@,756,1015,sgste,1025,1025,O,invoice2.jpg,real
sgsTe,sgste,5,0,5,0,0,0,1025,1025,0.50048828125,0.50048828125,108,42,0.052734375,0.0205078125,2.5714285714285716,8.420021279663963,0.09,1,2,3,2.50%,891,1020,2.,1159,1031,O,invoice2.jpg,real
2.,2.,2,1,0,1,0,0,1159,1031,0.56591796875,0.50341796875,28,37,0.013671875,0.01806640625,0.7567567567567568,6.9440872082295275,0.93,1,2,3,sgste,1025,1025,0%,1203,997,O,invoice2.jpg,real
0%,0%,2,1,0,0,0,0,1203,997,0.58740234375,0.48681640625,65,75,0.03173828125,0.03662109375,0.8666666666666667,8.492080490601163,0.32,1,2,3,2.,1159,1031,_,644,1117,O,invoice2.jpg,real
_,_,1,0,0,0,0,0,644,1117,0.314453125,0.54541015625,1,3,0.00048828125,0.00146484375,0.3333333333333333,1.3862943611198906,0.65,1,3,3,0%,1203,997,0902,711,1070,O,invoice2.jpg,real
0902,0902,4,4,0,1,0,0,711,1070,0.34716796875,0.5224609375,86,40,0.0419921875,0.01953125,2.15,8.14351740579748,0.82,1,3,3,_,644,1117,tea,823,1073,O,invoice2.jpg,real
TEA,tea,3,0,3,0,0,0,823,1073,0.40185546875,0.52392578125,63,39,0.03076171875,0.01904296875,1.6153846153846154,7.80710329012598,0.93,1,3,3,0902,711,1070,coun-259,912,1077,PRODUCT,invoice2.jpg,real
COUN-259,coun-259,8,3,4,0,0,0,912,1077,0.4453125,0.52587890625,174,47,0.0849609375,0.02294921875,3.702127659574468,9.009325172734973,0.64,1,3,3,tea,823,1073,69.,1268,1091,PRODUCT,invoice2.jpg,real
69.,69.,3,2,0,1,0,0,1268,1091,0.619140625,0.53271484375,51,38,0.02490234375,0.0185546875,1.3421052631578947,7.569927655242652,0.9,1,3,3,coun-259,912,1077,00,1340,1093,UNIT_PRICE,invoice2.jpg,real
00,00,2,2,0,1,0,0,1340,1093,0.654296875,0.53369140625,36,38,0.017578125,0.0185546875,0.9473684210526315,7.221835825288449,0.91,1,3,3,69.,1268,1091,69.,1490,1099,UNIT_PRICE,invoice2.jpg,real
69.,69.,3,2,0,1,0,0,1490,1099,0.7275390625,0.53662109375,109,39,0.05322265625,0.01904296875,2.7948717948717947,8.355144739461839,0.93,1,3,3,00,1340,1093,00,1560,1091,ITEM_TOTAL,invoice2.jpg,real
00,00,2,2,0,1,0,0,1560,1091,0.76171875,0.53271484375,43,56,0.02099609375,0.02734375,0.7678571428571429,7.786967002614872,0.94,1,3,3,69.,1490,1099,0910,685,1125,ITEM_TOTAL,invoice2.jpg,real
0910,0910,4,4,0,1,0,0,685,1125,0.33447265625,0.54931640625,111,47,0.05419921875,0.02294921875,2.3617021276595747,8.559869465696673,0.62,1,4,3,00,1560,1091,eastern-60g,822,1128,O,invoice2.jpg,real
EASTERN-60g,eastern-60g,11,2,8,0,0,0,822,1128,0.4013671875,0.55078125,240,50,0.1171875,0.0244140625,4.8,9.392745258631441,0.89,1,4,3,0910,685,1125,i,1157,1142,PRODUCT,invoice2.jpg,real
i,i,1,0,1,0,0,0,1157,1142,0.56494140625,0.5576171875,11,36,0.00537109375,0.017578125,0.3055555555555556,5.983936280687191,0.66,1,4,3,eastern-60g,822,1128,22.,1264,1145,QUANTITY,invoice2.jpg,real
22.,22.,3,2,0,1,0,0,1264,1145,0.6171875,0.55908203125,52,38,0.025390625,0.0185546875,1.368421052631579,7.589335823170617,0.81,1,4,3,i,1157,1142,50,1335,1148,UNIT_PRICE,invoice2.jpg,real
50,50,2,2,0,1,0,0,1335,1148,0.65185546875,0.560546875,37,37,0.01806640625,0.01806640625,1.0,7.222566018822171,0.91,1,4,3,22.,1264,1145,22.,1486,1153,UNIT_PRICE,invoice2.jpg,real
22.,22.,3,2,0,1,0,0,1486,1153,0.7255859375,0.56298828125,51,38,0.02490234375,0.0185546875,1.3421052631578947,7.569927655242652,0.9,1,4,3,50,1335,1148,50,1555,1156,ITEM_TOTAL,invoice2.jpg,real
50,50,2,2,0,1,0,0,1555,1156,0.75927734375,0.564453125,39,36,0.01904296875,0.017578125,1.0833333333333333,7.247792581767846,0.9,1,4,3,22.,1486,1153,smcgst@,660,1179,ITEM_TOTAL,invoice2.jpg,real
smCGST@,smcgst@,7,0,6,0,0,0,660,1179,0.322265625,0.57568359375,202,43,0.0986328125,0.02099609375,4.6976744186046515,9.06958293425992,0.0,2,4,3,50,1555,1156,6.00%,888,1185,O,invoice2.jpg,real
6.00%,6.00%,5,3,0,0,0,1,888,1185,0.43359375,0.57861328125,108,41,0.052734375,0.02001953125,2.6341463414634148,8.395929103923198,0.93,2,4,3,smcgst@,660,1179,sgste@,1020,1190,O,invoice2.jpg,real
SGSTe@,sgste@,6,0,5,0,0,0,1020,1190,0.498046875,0.5810546875,107,41,0.05224609375,0.02001953125,2.6097560975609757,8.38662882139512,0.47,2,4,3,6.00%,888,1185,6.,1152,1196,O,invoice2.jpg,real
6.,6.,2,1,0,1,0,0,1152,1196,0.5625,0.583984375,29,37,0.01416015625,0.01806640625,0.7837837837837838,6.97914527506881,0.95,2,4,3,sgste@,1020,1190,00%,1199,1197,O,invoice2.jpg,real
00%,00%,3,2,0,0,0,0,1199,1197,0.58544921875,0.58447265625,61,38,0.02978515625,0.0185546875,1.605263157894737,7.7488913372555315,0.96,2,4,3,6.,1152,1196,dabur,825,1238,O,invoice2.jpg,real
DABUR,dabur,5,0,5,0,0,0,825,1238,0.40283203125,0.6044921875,103,39,0.05029296875,0.01904296875,2.641025641025641,8.29853954537488,0.92,1,5,3,00%,1199,1197,pu-30g,952,1242,PRODUCT,invoice2.jpg,real
PU-30g,pu-30g,6,2,3,0,0,0,952,1242,0.46484375,0.6064453125,129,45,0.06298828125,0.02197265625,2.8666666666666667,8.666647144584575,0.91,1,5,3,dabur,825,1238,j,1152,1250,PRODUCT,invoice2.jpg,real
J,j,1,0,1,0,0,0,1152,1250,0.5625,0.6103515625,11,36,0.00537109375,0.017578125,0.3055555555555556,5.983936280687191,0.52,1,5,3,pu-30g,952,1242,39.,1259,1254,QUANTITY,invoice2.jpg,real
39.,39.,3,2,0,1,0,0,1259,1254,0.61474609375,0.6123046875,50,38,0.0244140625,0.0185546875,1.3157894736842106,7.550135342488429,0.91,1,5,3,j,1152,1250,06,1328,1256,UNIT_PRICE,invoice2.jpg,real
06,06,2,2,0,1,0,0,1328,1256,0.6484375,0.61328125,38,37,0.0185546875,0.01806640625,1.027027027027027,7.249215057114389,0.93,1,5,3,39.,1259,1254,39.,1480,1262,UNIT_PRICE,invoice2.jpg,real
39.,39.,3,2,0,1,0,0,1480,1262,0.72265625,0.6162109375,50,38,0.0244140625,0.0185546875,1.3157894736842106,7.550135342488429,0.94,1,5,3,06,1328,1256,06,1549,1265,ITEM_TOTAL,invoice2.jpg,real
06,06,2,2,0,1,0,0,1549,1265,0.75634765625,0.61767578125,38,37,0.0185546875,0.01806640625,1.027027027027027,7.249215057114389,0.95,1,5,3,39.,1480,1262,bs,782,1293,ITEM_TOTAL,invoice2.jpg,real
BS,bs,2,0,2,0,0,0,782,1293,0.3818359375,0.63134765625,2,2,0.0009765625,0.0009765625,1.0,1.6094379124341003,0.0,1,6,3,06,1549,1265,rack,833,1293,O,invoice2.jpg,real
RACK,rack,4,0,4,0,0,0,833,1293,0.40673828125,0.63134765625,93,38,0.04541015625,0.0185546875,2.4473684210526314,8.170468578330674,0.0,1,6,3,bs,782,1293,cr-25g,951,1296,O,invoice2.jpg,real
CR-25g,cr-25g,6,2,3,0,0,0,951,1296,0.46435546875,0.6328125,128,44,0.0625,0.021484375,2.909090909090909,8.636397438894713,0.63,1,6,3,rack,833,1293,=],1150,1304,O,invoice2.jpg,real
=],=],2,0,0,0,0,0,1150,1304,0.5615234375,0.63671875,11,34,0.00537109375,0.0166015625,0.3235294117647059,5.926926025970411,0.41,1,6,3,cr-25g,951,1296,75.,1259,1308,O,invoice2.jpg,real
75.,75.,3,2,0,1,0,0,1259,1308,0.61474609375,0.638671875,48,37,0.0234375,0.01806640625,1.2972972972972974,7.482681828154651,0.89,1,6,3,=],1150,1304,00,1327,1310,UNIT_PRICE,invoice2.jpg,real
00,00,2,2,0,1,0,0,1327,1310,0.64794921875,0.6396484375,36,37,0.017578125,0.01806640625,0.972972972972973,7.195187320178709,0.89,1,6,3,75.,1259,1308,75.,1479,1316,UNIT_PRICE,invoice2.jpg,real
75.,75.,3,2,0,1,0,0,1479,1316,0.72216796875,0.642578125,48,37,0.0234375,0.01806640625,1.2972972972972974,7.482681828154651,0.89,1,6,3,00,1327,1310,00,1548,1319,ITEM_TOTAL,invoice2.jpg,real
00,00,2,2,0,1,0,0,1548,1319,0.755859375,0.64404296875,36,37,0.017578125,0.01806640625,0.972972972972973,7.195187320178709,0.92,1,6,3,75.,1479,1316,p,850,1349,ITEM_TOTAL,invoice2.jpg,real
P,p,1,0,1,0,0,0,850,1349,0.4150390625,0.65869140625,8,29,0.00390625,0.01416015625,0.27586206896551724,5.4510384535657,0.51,1,1,4,00,1548,1319,9.00%,884,1347,O,invoice2.jpg,real
9.00%,9.00%,5,3,0,0,0,1,884,1347,0.431640625,0.65771484375,107,39,0.05224609375,0.01904296875,2.7435897435897436,8.336630087637147,0.93,1,1,4,p,850,1349,sgst@,1015,1352,O,invoice2.jpg,real
SGST@,sgst@,5,0,4,0,0,0,1015,1352,0.49560546875,0.66015625,106,39,0.0517578125,0.01904296875,2.717948717948718,8.327242607457793,0.9,1,1,4,9.00%,884,1347,9.,1145,1357,O,invoice2.jpg,real
9.,9.,2,1,0,1,0,0,1145,1357,0.55908203125,0.66259765625,28,36,0.013671875,0.017578125,0.7777777777777778,6.9167150203536085,0.94,1,1,4,sgst@,1015,1352,00%,1189,1359,O,invoice2.jpg,real
00%,00%,3,2,0,0,0,0,1189,1359,0.58056640625,0.66357421875,63,37,0.03076171875,0.01806640625,1.7027027027027026,7.754481547470383,0.79,1,1,4,9.,1145,1357,mos,726,1423,O,invoice2.jpg,real
MOS,mos,3,0,3,0,0,0,726,1423,0.3544921875,0.69482421875,75,11,0.03662109375,0.00537109375,6.818181818181818,6.716594773520978,0.55,1,1,5,00%,1189,1359,ounfeast-1kg,862,1399,PRODUCT,invoice2.jpg,real
OUNFEAST-1kg,ounfeast-1kg,12,1,10,0,0,0,862,1399,0.4208984375,0.68310546875,213,47,0.10400390625,0.02294921875,4.531914893617022,9.211539652551664,0.55,1,1,5,mos,726,1423,2,1144,1410,PRODUCT,invoice2.jpg,real
2,2,1,1,0,1,0,0,1144,1410,0.55859375,0.6884765625,18,36,0.0087890625,0.017578125,0.5,6.47543271670409,0.84,1,1,5,ounfeast-1kg,862,1399,99.,1252,1415,QUANTITY,invoice2.jpg,real
99.,99.,3,2,0,1,0,0,1252,1415,0.611328125,0.69091796875,106,39,0.0517578125,0.01904296875,2.717948717948718,8.327242607457793,0.84,1,1,5,2,1144,1410,99,1319,1395,UNIT_PRICE,invoice2.jpg,real
99,99,2,2,0,1,0,0,1319,1395,0.64404296875,0.68115234375,43,64,0.02099609375,0.03125,0.671875,7.920446505142607,0.85,1,1,5,99.,1252,1415,198.,1452,1424,UNIT_PRICE,invoice2.jpg,real
198.,198.,4,3,0,1,0,0,1452,1424,0.708984375,0.6953125,125,40,0.06103515625,0.01953125,3.125,8.517393171418904,0.94,1,1,5,99,1319,1395,00,1539,1420,ITEM_TOTAL,invoice2.jpg,real
00,00,2,2,0,1,0,0,1539,1420,0.75146484375,0.693359375,40,58,0.01953125,0.0283203125,0.6896551724137931,7.749753406274437,0.96,1,1,5,198.,1452,1424,1905,710,1429,ITEM_TOTAL,invoice2.jpg,real
1905,1905,4,4,0,1,0,0,710,1429,0.3466796875,0.69775390625,83,55,0.04052734375,0.02685546875,1.509090909090909,8.42639282708974,0.96,2,1,5,00,1539,1420,monginis-40g,817,1450,O,invoice2.jpg,real
MONGINIS-40g,monginis-40g,12,2,9,0,0,0,817,1450,0.39892578125,0.7080078125,257,48,0.12548828125,0.0234375,5.354166666666667,9.420358156071465,0.8,2,1,5,1905,710,1429,2,1141,1463,PRODUCT,invoice2.jpg,real
2,2,1,1,0,1,0,0,1141,1463,0.55712890625,0.71435546875,19,36,0.00927734375,0.017578125,0.5277777777777778,6.529418838262226,0.84,2,1,5,monginis-40g,817,1450,7.00,1273,1469,QUANTITY,invoice2.jpg,real
7.00,7.00,4,3,0,1,0,1,1273,1469,0.62158203125,0.71728515625,82,38,0.0400390625,0.0185546875,2.1578947368421053,8.044626279767337,0.9,2,1,5,2,1141,1463,tax,1037,624,UNIT_PRICE,invoice2.jpg,real
TAX,tax,3,0,3,0,0,0,1037,624,0.50634765625,0.3046875,66,42,0.0322265625,0.0205078125,1.5714285714285714,7.927685045615778,0.95,1,1,6,7.00,1273,1469,invoice,1133,628,O,invoice2.jpg,real
INVOICE,invoice,7,0,7,0,0,0,1133,628,0.55322265625,0.306640625,153,46,0.07470703125,0.0224609375,3.3260869565217392,8.85922139360813,0.96,1,1,6,tax,1037,624,bill,736,671,O,invoice2.jpg,real
Bill,bill,4,0,4,0,0,0,736,671,0.359375,0.32763671875,80,43,0.0390625,0.02099609375,1.8604651162790697,8.14351740579748,0.95,2,1,6,invoice,1133,628,no,850,675,O,invoice2.jpg,real
No,no,2,0,2,0,0,0,850,675,0.4150390625,0.32958984375,81,42,0.03955078125,0.0205078125,1.9285714285714286,8.132412674500905,0.92,2,1,6,bill,736,671,:,920,667,O,invoice2.jpg,real
:,:,1,0,0,0,0,0,920,667,0.44921875,0.32568359375,19,73,0.00927734375,0.03564453125,0.2602739726027397,7.23561914106675,0.86,2,1,6,no,850,675,401401008-001492,964,681,O,invoice2.jpg,real
401401008-001492,401401008-001492,16,15,0,0,0,0,964,681,0.470703125,0.33251953125,368,53,0.1796875,0.02587890625,6.943396226415095,9.878426121940757,0.9,2,1,6,:,920,667,14.,1471,1478,INVOICE_NUMBER,invoice2.jpg,real
14.,14.,3,2,0,1,0,0,1471,1478,0.71826171875,0.7216796875,103,39,0.05029296875,0.01904296875,2.641025641025641,8.29853954537488,0.81,1,1,7,401401008-001492,964,681,00,1538,1474,O,invoice2.jpg,real
00,00,2,2,0,1,0,0,1538,1474,0.7509765625,0.7197265625,39,57,0.01904296875,0.02783203125,0.6842105263157895,7.707062655370473,0.96,1,1,7,14.,1471,1478,2104,708,1498,O,invoice2.jpg,real
2104,2104,4,4,0,1,0,0,708,1498,0.345703125,0.7314453125,84,38,0.041015625,0.0185546875,2.210526315789474,8.068716192714781,0.96,2,1,7,00,1538,1474,knorr,816,1502,O,invoice2.jpg,real
KNORR,knorr,5,0,5,0,0,0,816,1502,0.3984375,0.7333984375,105,39,0.05126953125,0.01904296875,2.6923076923076925,8.317766166719343,0.89,2,1,7,2104,708,1498,ma-12g,946,1507,PRODUCT,invoice2.jpg,real
MA-12g,ma-12g,6,2,3,0,0,0,946,1507,0.4619140625,0.73583984375,126,43,0.0615234375,0.02099609375,2.9302325581395348,8.597666575566114,0.89,2,1,7,knorr,816,1502,2,1139,1515,PRODUCT,invoice2.jpg,real
2,2,1,1,0,1,0,0,1139,1515,0.55615234375,0.73974609375,19,36,0.00927734375,0.017578125,0.5277777777777778,6.529418838262226,0.85,2,1,7,ma-12g,946,1507,9.,1269,1522,QUANTITY,invoice2.jpg,real
9.,9.,2,1,0,1,0,0,1269,1522,0.61962890625,0.7431640625,28,36,0.013671875,0.017578125,0.7777777777777778,6.9167150203536085,0.94,2,1,7,2,1139,1515,30,1317,1524,UNIT_PRICE,invoice2.jpg,real
30,30,2,2,0,1,0,0,1317,1524,0.64306640625,0.744140625,35,36,0.01708984375,0.017578125,0.9722222222222222,7.13966033596492,0.96,2,1,7,9.,1269,1522,18.,1468,1531,UNIT_PRICE,invoice2.jpg,real
18.,18.,3,2,0,1,0,0,1468,1531,0.716796875,0.74755859375,47,36,0.02294921875,0.017578125,1.3055555555555556,7.4342573821331355,0.95,2,1,7,30,1317,1524,60,1535,1534,ITEM_TOTAL,invoice2.jpg,real
60,60,2,2,0,1,0,0,1535,1534,0.74951171875,0.7490234375,36,36,0.017578125,0.017578125,1.0,7.167809184316444,0.96,2,1,7,18.,1468,1531,3304,707,1550,ITEM_TOTAL,invoice2.jpg,real
3304,3304,4,4,0,1,0,0,707,1550,0.34521484375,0.7568359375,84,38,0.041015625,0.0185546875,2.210526315789474,8.068716192714781,0.9,3,1,7,60,1535,1534,johnso-500m],816,1554,O,invoice2.jpg,real
JOHNSO-500m],johnso-500m],12,3,7,0,0,0,816,1554,0.3984375,0.7587890625,247,44,0.12060546875,0.021484375,5.613636363636363,9.293669979563187,0.42,3,1,7,3304,707,1550,1,1140,1567,PRODUCT,invoice2.jpg,real
1,1,1,1,0,1,0,0,1140,1567,0.556640625,0.76513671875,11,34,0.00537109375,0.0166015625,0.3235294117647059,5.926926025970411,0.56,3,1,7,johnso-500m],816,1554,"175,00",1226,1572,QUANTITY,invoice2.jpg,real
"175,00","175,00",6,5,0,1,0,0,1226,1572,0.5986328125,0.767578125,124,40,0.060546875,0.01953125,3.1,8.509362612301048,0.76,3,1,7,1,1140,1567,175.,1444,1583,UNIT_PRICE,invoice2.jpg,real
175.,175.,4,3,0,1,0,0,1444,1583,0.705078125,0.77294921875,124,40,0.060546875,0.01953125,3.1,8.509362612301048,0.73,3,1,7,"175,00",1226,1572,00,1531,1568,ITEM_TOTAL,invoice2.jpg,real
00,00,2,2,0,1,0,0,1531,1568,0.74755859375,0.765625,38,63,0.0185546875,0.03076171875,0.6031746031746031,7.781138509845015,0.88,3,1,7,175.,1444,1583,3305,707,1602,ITEM_TOTAL,invoice2.jpg,real
3305,3305,4,4,0,1,0,0,707,1602,0.34521484375,0.7822265625,83,38,0.04052734375,0.0185546875,2.1842105263157894,8.056743774975313,0.92,4,1,7,00,1531,1568,hns,815,1606,O,invoice2.jpg,real
HNS,hns,3,0,3,0,0,0,815,1606,0.39794921875,0.7841796875,61,37,0.02978515625,0.01806640625,1.6486486486486487,7.722234744709607,0.92,4,1,7,3305,707,1602,an-650m],899,1610,PRODUCT,invoice2.jpg,real
AN-650m],an-650m],8,3,3,0,0,0,899,1610,0.43896484375,0.7861328125,162,39,0.0791015625,0.01904296875,4.153846153846154,8.751316246773456,0.76,4,1,7,hns,815,1606,1,1139,1619,PRODUCT,invoice2.jpg,real
1,1,1,1,0,1,0,0,1139,1619,0.55615234375,0.79052734375,10,34,0.0048828125,0.0166015625,0.29411764705882354,5.831882477283517,0.39,4,1,7,an-650m],899,1610,280.00,1221,1623,QUANTITY,invoice2.jpg,real
280.00,280.00,6,5,0,1,0,1,1221,1623,0.59619140625,0.79248046875,126,41,0.0615234375,0.02001953125,3.073170731707317,8.550047528287184,0.66,4,1,7,1,1139,1619,250.,1437,1635,UNIT_PRICE,invoice2.jpg,real
250.,250.,4,3,0,1,0,0,1437,1635,0.70166015625,0.79833984375,128,39,0.0625,0.01904296875,3.282051282051282,8.51579221050061,0.65,4,1,7,280.00,1221,1623,00,1531,1619,ITEM_TOTAL,invoice2.jpg,real
00,00,2,2,0,1,0,0,1531,1619,0.74755859375,0.79052734375,38,64,0.0185546875,0.03125,0.59375,7.796880342783522,0.88,4,1,7,250.,1437,1635,3306,707,1654,ITEM_TOTAL,invoice2.jpg,real
3306,3306,4,4,0,1,0,0,707,1654,0.34521484375,0.8076171875,82,38,0.0400390625,0.0185546875,2.1578947368421053,8.044626279767337,0.92,5,1,7,00,1531,1619,colgate-120g,814,1658,O,invoice2.jpg,real
COLGATE-120g,colgate-120g,12,3,8,0,0,0,814,1658,0.3974609375,0.8095703125,252,47,0.123046875,0.02294921875,5.361702127659575,9.379661116592885,0.58,5,1,7,3306,707,1654,4,1136,1671,PRODUCT,invoice2.jpg,real
4,4,1,1,0,1,0,0,1136,1671,0.5546875,0.81591796875,11,33,0.00537109375,0.01611328125,0.3333333333333333,5.8971538676367405,0.59,5,1,7,colgate-120g,814,1658,69.,1240,1675,QUANTITY,invoice2.jpg,real
69.,69.,3,2,0,1,0,0,1240,1675,0.60546875,0.81787109375,50,37,0.0244140625,0.01806640625,1.3513513513513513,7.523481312573497,0.94,5,1,7,4,1136,1671,00,1308,1679,UNIT_PRICE,invoice2.jpg,real
00,00,2,2,0,1,0,0,1308,1679,0.638671875,0.81982421875,37,36,0.01806640625,0.017578125,1.0277777777777777,7.195187320178709,0.94,5,1,7,69.,1240,1675,69.,1456,1688,UNIT_PRICE,invoice2.jpg,real
69.,69.,3,2,0,1,0,0,1456,1688,0.7109375,0.82421875,50,36,0.0244140625,0.017578125,1.3888888888888888,7.496097345175956,0.95,5,1,7,00,1308,1679,00,1523,1691,ITEM_TOTAL,invoice2.jpg,real
00,00,2,2,0,1,0,0,1523,1691,0.74365234375,0.82568359375,38,35,0.0185546875,0.01708984375,1.0857142857142856,7.193685818395112,0.95,5,1,7,69.,1456,1688,3306,706,1706,ITEM_TOTAL,invoice2.jpg,real
3306,3306,4,4,0,1,0,0,706,1706,0.3447265625,0.8330078125,82,37,0.0400390625,0.01806640625,2.2162162162162162,8.017966703493599,0.92,6,1,7,00,1523,1691,lister-500m],812,1710,O,invoice2.jpg,real
LISTER-500m],lister-500m],12,3,7,0,0,0,812,1710,0.396484375,0.8349609375,246,43,0.1201171875,0.02099609375,5.72093023255814,9.266626182986775,0.83,6,1,7,3306,706,1706,2,1132,1722,PRODUCT,invoice2.jpg,real
2,2,1,1,0,1,0,0,1132,1722,0.552734375,0.8408203125,18,34,0.0087890625,0.0166015625,0.5294117647058824,6.418364935936212,0.8,6,1,7,lister-500m],812,1710,"122,60",1220,1726,QUANTITY,invoice2.jpg,real
"122,60","122,60",6,5,0,1,0,0,1220,1726,0.595703125,0.8427734375,122,40,0.0595703125,0.01953125,3.05,8.493105395887147,0.7,6,1,7,2,1132,1722,245.,1431,1738,UNIT_PRICE,invoice2.jpg,real
245.,245.,4,3,0,1,0,0,1431,1738,0.69873046875,0.8486328125,127,39,0.06201171875,0.01904296875,3.2564102564102564,8.507950610049305,0.71,6,1,7,"122,60",1220,1726,00,1520,1722,ITEM_TOTAL,invoice2.jpg,real
00,00,2,2,0,1,0,0,1520,1722,0.7421875,0.8408203125,43,63,0.02099609375,0.03076171875,0.6825396825396826,7.904703913873747,0.93,6,1,7,245.,1431,1738,3307,705,1758,ITEM_TOTAL,invoice2.jpg,real
3307,3307,4,4,0,1,0,0,705,1758,0.34423828125,0.8583984375,82,37,0.0400390625,0.01806640625,2.2162162162162162,8.017966703493599,0.92,1,1,8,00,1520,1722,meadows-10g,811,1761,O,invoice2.jpg,real
MEADOWS-10g,meadows-10g,11,2,8,0,0,0,811,1761,0.39599609375,0.85986328125,231,46,0.11279296875,0.0224609375,5.021739130434782,9.271153211372695,0.56,1,1,8,3307,705,1758,2,1130,1773,PRODUCT,invoice2.jpg,real
2,2,1,1,0,1,0,0,1130,1773,0.5517578125,0.86572265625,18,35,0.0087890625,0.01708984375,0.5142857142857142,6.447305862541213,0.87,1,1,8,meadows-10g,811,1761,97,1236,1778,QUANTITY,invoice2.jpg,real
97,97,2,2,0,1,0,0,1236,1778,0.603515625,0.8681640625,49,36,0.02392578125,0.017578125,1.3611111111111112,7.475905969367397,0.9,1,1,8,2,1130,1773,54.,1450,1791,UNIT_PRICE,invoice2.jpg,real
54.,54.,3,2,0,1,0,0,1450,1791,0.7080078125,0.87451171875,49,35,0.02392578125,0.01708984375,1.4,7.447751280047908,0.75,1,1,8,97,1236,1778,00,1514,1793,UNIT_PRICE,invoice2.jpg,real
00,00,2,2,0,1,0,0,1514,1793,0.7392578125,0.87548828125,40,34,0.01953125,0.0166015625,1.1764705882352942,7.215975002651466,0.88,1,1,8,54.,1450,1791,00,1300,1781,ITEM_TOTAL,invoice2.jpg,real
00,00,2,2,0,1,0,0,1300,1781,0.634765625,0.86962890625,40,36,0.01953125,0.017578125,1.1111111111111112,7.273092595999522,0.96,1,1,9,00,1514,1793,4,702,1810,ITEM_TOTAL,invoice2.jpg,real
4,4,1,1,0,1,0,0,702,1810,0.3427734375,0.8837890625,19,34,0.00927734375,0.0166015625,0.5588235294117647,6.472346294500901,0.92,2,1,9,00,1300,1781,cgst@,746,1811,O,invoice2.jpg,real
CGST@,cgst@,5,0,4,0,0,0,746,1811,0.3642578125,0.88427734375,103,37,0.05029296875,0.01806640625,2.7837837837837838,8.245909264774093,0.92,2,1,9,4,702,1810,14.00%,876,1814,O,invoice2.jpg,real
14.00%,14.00%,6,4,0,0,0,1,876,1814,0.427734375,0.8857421875,123,39,0.06005859375,0.01904296875,3.1538461538461537,8.47595444339964,0.9,2,1,9,cgst@,746,1811,sgst@,1022,1820,O,invoice2.jpg,real
SGST@,sgst@,5,0,4,0,0,0,1022,1820,0.4990234375,0.888671875,103,38,0.05029296875,0.0185546875,2.710526315789474,8.272570608424903,0.89,2,1,9,14.00%,876,1814,14.,1152,1826,O,invoice2.jpg,real
14.,14.,3,2,0,1,0,0,1152,1826,0.5625,0.8916015625,46,35,0.0224609375,0.01708984375,1.3142857142857143,7.384610383176974,0.94,2,1,9,sgst@,1022,1820,ony,1213,1828,O,invoice2.jpg,real
ony,ony,3,0,3,0,0,0,1213,1828,0.59228515625,0.892578125,60,35,0.029296875,0.01708984375,1.7142857142857142,7.650168700845001,0.39,2,1,9,14.,1152,1826,cess@,1298,1831,O,invoice2.jpg,real
CESS@,cess@,5,0,4,0,0,0,1298,1831,0.6337890625,0.89404296875,103,40,0.05029296875,0.01953125,2.575,8.323851131338817,0.92,2,1,9,ony,1213,1828,"12,",1429,1840,O,invoice2.jpg,real
"12,","12,",3,2,0,1,0,0,1429,1840,0.69775390625,0.8984375,46,36,0.0224609375,0.017578125,1.2777777777777777,7.4127640174265625,0.84,2,1,9,cess@,1298,1831,00%,1490,1843,O,invoice2.jpg,real
00%,00%,3,2,0,0,0,0,1490,1843,0.7275390625,0.89990234375,61,35,0.02978515625,0.01708984375,1.7428571428571429,7.666690200080086,0.96,2,1,9,"12,",1429,1840,2202,702,1862,O,invoice2.jpg,real
2202,2202,4,4,0,1,0,0,702,1862,0.3427734375,0.9091796875,82,35,0.0400390625,0.01708984375,2.342857142857143,7.962415680121064,0.93,3,1,9,00%,1490,1843,monste-350ml,809,1864,O,invoice2.jpg,real
MONSTE-350ml,monste-350ml,12,3,8,0,0,0,809,1864,0.39501953125,0.91015625,244,42,0.119140625,0.0205078125,5.809523809523809,9.234935418831563,0.61,3,1,9,2202,702,1862,2,1126,1875,PRODUCT,invoice2.jpg,real
2,2,1,1,0,1,0,0,1126,1875,0.5498046875,0.91552734375,18,34,0.0087890625,0.0166015625,0.5294117647058824,6.418364935936212,0.87,3,1,9,monste-350ml,809,1864,59.00,1232,1879,QUANTITY,invoice2.jpg,real
59.00,59.00,5,4,0,1,0,1,1232,1879,0.6015625,0.91748046875,103,38,0.05029296875,0.0185546875,2.710526315789474,8.272570608424903,0.81,3,1,9,2,1126,1875,118.,1427,1890,UNIT_PRICE,invoice2.jpg,real
118.,118.,4,3,0,1,0,0,1427,1890,0.69677734375,0.9228515625,67,37,0.03271484375,0.01806640625,1.8108108108108107,7.8160138391590275,0.88,3,1,9,59.00,1232,1879,00,1509,1894,ITEM_TOTAL,invoice2.jpg,real
00,00,2,2,0,1,0,0,1509,1894,0.73681640625,0.9248046875,39,35,0.01904296875,0.01708984375,1.1142857142857143,7.2196420401307355,0.96,3,1,9,118.,1427,1890,items:,704,1962,ITEM_TOTAL,invoice2.jpg,real
Items:,items:,6,0,5,0,0,0,704,1962,0.34375,0.9580078125,113,37,0.05517578125,0.01806640625,3.054054054054054,8.338544879988579,0.93,1,1,10,00,1509,1894,13,873,1967,O,invoice2.jpg,real
13,13,2,2,0,1,0,0,873,1967,0.42626953125,0.96044921875,36,35,0.017578125,0.01708984375,1.0285714285714285,7.13966033596492,0.93,1,1,10,items:,704,1962,qty:,933,1969,O,invoice2.jpg,real
Qty:,qty:,4,0,3,0,0,0,933,1969,0.45556640625,0.96142578125,74,40,0.0361328125,0.01953125,1.85,7.993282328101591,0.96,1,1,10,13,873,1967,cd,1281,1984,O,invoice2.jpg,real
CD,cd,2,0,2,0,0,0,1281,1984,0.62548828125,0.96875,69,64,0.03369140625,0.03125,1.078125,8.393216011596527,0.33,1,1,10,qty:,933,1969,1347.,1390,1980,O,invoice2.jpg,real
1347.,1347.,5,4,0,1,0,0,1390,1980,0.6787109375,0.966796875,98,68,0.0478515625,0.033203125,1.4411764705882353,8.804625232612809,0.91,1,1,10,cd,1281,1984,16,1506,1995,TOTAL,invoice2.jpg,real
16,16,2,2,0,1,0,0,1506,1995,0.7353515625,0.97412109375,37,34,0.01806640625,0.0166015625,1.088235294117647,7.138073034044347,0.96,1,1,10,1347.,1390,1980,,0,0,TOTAL,invoice2.jpg,real
———,———,3,0,0,0,0,0,390,0,0.25390625,0.0,162,11,0.10546875,0.00537109375,14.727272727272727,7.48605261786314,0.12,1,1,2,,0,0,illof,672,0,O,invoice3.jpg,real
iLLOF,illof,5,0,5,0,0,0,672,0,0.4375,0.0,125,51,0.08138020833333333,0.02490234375,2.450980392156863,8.760296220470051,0.31,1,1,3,———,390,0,supply,797,0,O,invoice3.jpg,real
SUPPLY,supply,6,0,6,0,0,0,797,0,0.5188802083333334,0.0,176,54,0.11458333333333333,0.0263671875,3.259259259259259,9.15957325492253,0.0,1,1,3,illof,672,0,cell,1134,27,O,invoice3.jpg,real
Cell,cell,4,0,4,0,0,0,1134,27,0.73828125,0.01318359375,70,30,0.045572916666666664,0.0146484375,2.3333333333333335,7.650168700845001,0.92,1,1,3,supply,797,0,:,1221,37,O,invoice3.jpg,real
:,:,1,0,0,0,0,0,1221,37,0.794921875,0.01806640625,7,21,0.004557291666666667,0.01025390625,0.3333333333333333,4.997212273764115,0.87,1,1,3,cell,1134,27,9248903102,1241,31,O,invoice3.jpg,real
9248903102,9248903102,10,10,0,1,0,0,1241,31,0.8079427083333334,0.01513671875,216,39,0.140625,0.01904296875,5.538461538461538,9.038958755220563,0.79,1,1,3,:,1221,37,__,158,129,O,invoice3.jpg,real
__,__,2,0,0,0,0,0,158,129,0.10286458333333333,0.06298828125,98,37,0.06380208333333333,0.01806640625,2.6486486486486487,8.196161139282902,0.13,1,1,4,9248903102,1241,31,sri,288,72,O,invoice3.jpg,real
SRI,sri,3,0,3,0,0,0,288,72,0.1875,0.03515625,154,74,0.10026041666666667,0.0361328125,2.081081081081081,9.341105441855735,0.91,1,1,4,__,158,129,balaji,485,79,SUPPLIER,invoice3.jpg,real
BALAJI,balaji,6,0,6,0,0,0,485,79,0.3157552083333333,0.03857421875,333,94,0.216796875,0.0458984375,3.5425531914893615,10.351469218580617,0.86,1,1,4,sri,288,72,traders,855,82,SUPPLIER,invoice3.jpg,real
TRADERS,traders,7,0,7,0,0,0,855,82,0.556640625,0.0400390625,447,80,0.291015625,0.0390625,5.5875,10.484613193102275,0.96,1,1,4,balaji,485,79,"disposable,",299,162,SUPPLIER,invoice3.jpg,real
"Disposable,","disposable,",11,0,10,0,0,0,299,162,0.19466145833333334,0.0791015625,262,53,0.17057291666666666,0.02587890625,4.943396226415095,9.53870842969938,0.95,1,1,5,traders,855,82,housekeeping,580,173,O,invoice3.jpg,real
Housekeeping,housekeeping,12,0,12,0,0,0,580,173,0.3776041666666667,0.08447265625,314,48,0.20442708333333334,0.0234375,6.541666666666667,9.62066034281053,0.92,1,1,5,"disposable,",299,162,&,912,178,O,invoice3.jpg,real
&,&,1,0,0,0,0,0,912,178,0.59375,0.0869140625,29,35,0.018880208333333332,0.01708984375,0.8285714285714286,6.923628628138427,0.92,1,1,5,housekeeping,580,173,packing,959,179,O,invoice3.jpg,real
Packing,packing,7,0,7,0,0,0,959,179,0.6243489583333334,0.08740234375,170,48,0.11067708333333333,0.0234375,3.5416666666666665,9.007121989469242,0.96,1,1,5,&,912,178,goods,1147,184,O,invoice3.jpg,real
Goods,goods,5,0,5,0,0,0,1147,184,0.7467447916666666,0.08984375,143,37,0.09309895833333333,0.01806640625,3.864864864864865,8.573951525234847,0.96,1,1,5,packing,959,179,#,347,229,O,invoice3.jpg,real
#,#,1,0,0,0,0,0,347,229,0.22591145833333334,0.11181640625,26,28,0.016927083333333332,0.013671875,0.9285714285714286,6.591673732008658,0.93,2,1,5,goods,1147,184,"8-3-231/2/f/82,",389,226,O,invoice3.jpg,real
"8-3-231/2/F/82,","8-3-231/2/f/82,",15,8,1,0,0,0,389,226,0.2532552083333333,0.1103515625,262,39,0.17057291666666666,0.01904296875,6.717948717948718,9.23200401161221,0.91,2,1,5,#,347,229,sainath,668,232,O,invoice3.jpg,real
Sainath,sainath,7,0,7,0,0,0,668,232,0.4348958333333333,0.11328125,115,33,0.07486979166666667,0.01611328125,3.484848484848485,8.241703159729818,0.92,2,1,5,"8-3-231/2/f/82,",389,226,"complex,",798,235,O,invoice3.jpg,real
"Complex,","complex,",8,0,7,0,0,0,798,235,0.51953125,0.11474609375,147,38,0.095703125,0.0185546875,3.8684210526315788,8.628197749459149,0.96,2,1,5,sainath,668,232,sri,961,238,O,invoice3.jpg,real
Sri,sri,3,0,3,0,0,0,961,238,0.6256510416666666,0.1162109375,39,30,0.025390625,0.0146484375,1.3,7.065613363597717,0.94,2,1,5,"complex,",798,235,krishna,1015,241,O,invoice3.jpg,real
Krishna,krishna,7,0,7,0,0,0,1015,241,0.6608072916666666,0.11767578125,115,31,0.07486979166666667,0.01513671875,3.7096774193548385,8.179199798423086,0.96,2,1,5,sri,961,238,"nagar,",1145,239,O,invoice3.jpg,real
"Nagar,","nagar,",6,0,5,0,0,0,1145,239,0.7454427083333334,0.11669921875,95,48,0.061848958333333336,0.0234375,1.9791666666666667,8.4252971767117,0.96,2,1,5,krishna,1015,241,jubilee,472,277,O,invoice3.jpg,real
Jubilee,jubilee,7,0,7,0,0,0,472,277,0.3072916666666667,0.13525390625,113,31,0.07356770833333333,0.01513671875,3.6451612903225805,8.161660452056282,0.96,3,1,5,"nagar,",1145,239,hills,600,279,O,invoice3.jpg,real
Hills,hills,5,0,5,0,0,0,600,279,0.390625,0.13623046875,66,31,0.04296875,0.01513671875,2.129032258064516,7.624130585661289,0.96,3,1,5,jubilee,472,277,"road,",680,280,O,invoice3.jpg,real
"Road,","road,",5,0,4,0,0,0,680,280,0.4427083333333333,0.13671875,90,34,0.05859375,0.0166015625,2.6470588235294117,8.026496938945412,0.93,3,1,5,hills,600,279,hyderabad-500,786,282,O,invoice3.jpg,real
Hyderabad-500,hyderabad-500,13,3,9,0,0,0,786,282,0.51171875,0.1376953125,247,36,0.16080729166666666,0.017578125,6.861111111111111,9.09301972939964,0.91,3,1,5,"road,",680,280,045.,1046,286,O,invoice3.jpg,real
045.,045.,4,3,0,1,0,0,1046,286,0.6809895833333334,0.1396484375,67,31,0.043619791666666664,0.01513671875,2.161290322580645,7.639161171659173,0.9,3,1,5,hyderabad-500,786,282,no.,127,331,O,invoice3.jpg,real
No.,no.,3,0,2,0,0,0,127,331,0.08268229166666667,0.16162109375,47,29,0.030598958333333332,0.01416015625,1.6206896551724137,7.218176838403408,0.83,1,1,6,045.,1046,286,push,202,319,O,invoice3.jpg,real
PUSH,push,4,0,4,0,0,0,202,319,0.13151041666666666,0.15576171875,163,52,0.10611979166666667,0.025390625,3.1346153846153846,9.045111892608405,0.38,1,1,6,no.,127,331,date.,1042,347,O,invoice3.jpg,real
Date.,date.,5,0,4,0,0,0,1042,347,0.6783854166666666,0.16943359375,69,27,0.044921875,0.01318359375,2.5555555555555554,7.530479995245536,0.96,1,1,6,push,202,319,"3}9)o4p,...",1128,295,O,invoice3.jpg,real
"3}9)o4p,...","3}9)o4p,...",11,3,2,0,0,0,1128,295,0.734375,0.14404296875,308,112,0.20052083333333334,0.0546875,2.75,10.448627642716774,0.22,1,1,6,date.,1042,347,name,127,398,DATE,invoice3.jpg,real
Name,name,4,0,4,0,0,0,127,398,0.08268229166666667,0.1943359375,89,29,0.057942708333333336,0.01416015625,3.0689655172413794,7.856319571406588,0.96,1,1,7,"3}9)o4p,...",1128,295,of,231,401,O,invoice3.jpg,real
of,of,2,0,2,0,0,0,231,401,0.150390625,0.19580078125,28,26,0.018229166666666668,0.0126953125,1.0769230769230769,6.591673732008658,0.96,1,1,7,name,127,398,the,272,400,O,invoice3.jpg,real
the,the,3,0,3,0,0,0,272,400,0.17708333333333334,0.1953125,45,27,0.029296875,0.01318359375,1.6666666666666667,7.103322062526113,0.96,1,1,7,of,231,401,customer,332,400,O,invoice3.jpg,real
Customer,customer,8,0,8,0,0,0,332,400,0.21614583333333334,0.1953125,151,28,0.09830729166666667,0.013671875,5.392857142857143,8.34972083747249,0.96,1,1,7,the,272,400,address,125,466,O,invoice3.jpg,real
Address,address,7,0,7,0,0,0,125,466,0.08138020833333333,0.2275390625,128,28,0.08333333333333333,0.013671875,4.571428571428571,8.184513753033722,0.96,2,1,7,customer,332,400,gstin,662,538,O,invoice3.jpg,real
GSTIN,gstin,5,0,5,0,0,0,662,538,0.4309895833333333,0.2626953125,96,28,0.0625,0.013671875,3.4285714285714284,7.896924656268864,0.92,1,1,12,address,125,466,ce,121,564,O,invoice3.jpg,real
CE,ce,2,0,2,0,0,0,121,564,0.07877604166666667,0.275390625,540,10,0.3515625,0.0048828125,54.0,8.594339400592892,0.16,1,1,13,gstin,662,538,particulars,483,602,O,invoice3.jpg,real
PARTICULARS,particulars,11,0,11,0,0,0,483,602,0.314453125,0.2939453125,289,34,0.18815104166666666,0.0166015625,8.5,9.192888978362427,0.96,1,1,14,ce,121,564,gst,120,1825,O,invoice3.jpg,real
GST,gst,3,0,3,0,0,0,120,1825,0.078125,0.89111328125,79,35,0.051432291666666664,0.01708984375,2.257142857142857,7.925157512224703,0.88,1,1,18,particulars,483,602,:,215,1835,O,invoice3.jpg,real
:,:,1,0,0,0,0,0,215,1835,0.13997395833333334,0.89599609375,7,25,0.004557291666666667,0.01220703125,0.28,5.170483995038151,0.88,1,1,18,gst,120,1825,36akqpm1590h1zs,240,1826,O,invoice3.jpg,real
36AKQPM1590H1ZS,36akqpm1590h1zs,15,7,8,0,0,0,240,1826,0.15625,0.8916015625,402,37,0.26171875,0.01806640625,10.864864864864865,9.607437230413831,0.9,1,1,18,:,215,1835,declaration,120,1876,O,invoice3.jpg,real
Declaration,declaration,11,0,11,0,0,0,120,1876,0.078125,0.916015625,143,24,0.09309895833333333,0.01171875,5.958333333333333,8.141189793457691,0.93,1,1,19,36akqpm1590h1zs,240,1826,:,274,1883,O,invoice3.jpg,real
:,:,1,0,0,0,0,0,274,1883,0.17838541666666666,0.91943359375,4,16,0.0026041666666666665,0.0078125,0.25,4.174387269895637,0.89,1,1,19,declaration,120,1876,tax,290,1876,O,invoice3.jpg,real
Tax,tax,3,0,3,0,0,0,290,1876,0.18880208333333334,0.916015625,39,24,0.025390625,0.01171875,1.625,6.842683282238422,0.96,1,1,19,:,274,1883,payer,341,1876,O,invoice3.jpg,real
Payer,payer,5,0,5,0,0,0,341,1876,0.22200520833333334,0.916015625,68,30,0.044270833333333336,0.0146484375,2.2666666666666666,7.621195162809845,0.96,1,1,19,tax,290,1876,under,420,1877,O,invoice3.jpg,real
Under,under,5,0,5,0,0,0,420,1877,0.2734375,0.91650390625,71,23,0.046223958333333336,0.01123046875,3.0869565217391304,7.3987862754199485,0.96,1,1,19,payer,341,1876,composition,501,1877,O,invoice3.jpg,real
Composition,composition,11,0,11,0,0,0,501,1877,0.326171875,0.91650390625,147,29,0.095703125,0.01416015625,5.068965517241379,8.357962965845681,0.96,1,1,19,under,420,1877,scheme,658,1878,O,invoice3.jpg,real
Scheme,scheme,6,0,6,0,0,0,658,1878,0.4283854166666667,0.9169921875,96,24,0.0625,0.01171875,4.0,7.742835955430749,0.96,1,1,19,composition,501,1877,goods,116,1933,O,invoice3.jpg,real
Goods,goods,5,0,5,0,0,0,116,1933,0.07552083333333333,0.94384765625,70,25,0.045572916666666664,0.01220703125,2.8,7.467942332285852,0.96,1,1,21,scheme,658,1878,once,227,1940,O,invoice3.jpg,real
once,once,4,0,4,0,0,0,227,1940,0.14778645833333334,0.947265625,54,17,0.03515625,0.00830078125,3.176470588235294,6.823286122355687,0.96,1,1,21,goods,116,1933,sold,294,1935,O,invoice3.jpg,real
sold,sold,4,0,4,0,0,0,294,1935,0.19140625,0.94482421875,55,24,0.035807291666666664,0.01171875,2.2916666666666665,7.186144304522325,0.96,1,1,21,once,227,1940,cannot,362,1936,O,invoice3.jpg,real
cannot,cannot,6,0,6,0,0,0,362,1936,0.23567708333333334,0.9453125,91,22,0.059244791666666664,0.0107421875,4.136363636363637,7.602401335665818,0.96,1,1,21,sold,294,1935,be,467,1935,O,invoice3.jpg,real
be,be,2,0,2,0,0,0,467,1935,0.3040364583333333,0.94482421875,29,23,0.018880208333333332,0.01123046875,1.2608695652173914,6.504288173536645,0.96,1,1,21,cannot,362,1936,taken,509,1936,O,invoice3.jpg,real
taken,taken,5,0,5,0,0,0,509,1936,0.3313802083333333,0.9453125,71,23,0.046223958333333336,0.01123046875,3.0869565217391304,7.3987862754199485,0.96,1,1,21,be,467,1935,back,592,1936,O,invoice3.jpg,real
back,back,4,0,4,0,0,0,592,1936,0.3854166666666667,0.9453125,63,23,0.041015625,0.01123046875,2.739130434782609,7.27931883541462,0.96,1,1,21,taken,509,1936,or,667,1942,O,invoice3.jpg,real
or,or,2,0,2,0,0,0,667,1942,0.4342447916666667,0.9482421875,25,18,0.016276041666666668,0.0087890625,1.3888888888888888,6.111467339502679,0.96,1,1,21,back,592,1936,exchanged.,705,1937,O,invoice3.jpg,real
exchanged.,exchanged.,10,0,9,0,0,0,705,1937,0.458984375,0.94580078125,152,27,0.09895833333333333,0.01318359375,5.62962962962963,8.31996102188653,0.96,1,1,21,or,667,1942,,0,0,O,invoice3.jpg,real
dajrang,dajrang,7,0,7,0,0,0,273,51,0.21910112359550563,0.02207792207792208,286,82,0.22953451043338685,0.0354978354978355,3.4878048780487805,10.062753697461577,0.37,1,1,1,,0,0,kirana,576,69,SUPPLIER,kirana1.jpg,real
Kirana,kirana,6,0,6,0,0,0,576,69,0.4622792937399679,0.02987012987012987,248,70,0.19903691813804172,0.030303030303030304,3.5428571428571427,9.761981590241948,0.91,1,1,1,dajrang,273,51,stores,845,92,SUPPLIER,kirana1.jpg,real
Stores,stores,6,0,6,0,0,0,845,92,0.6781701444622793,0.03982683982683983,229,64,0.18378812199036917,0.027705627705627706,3.578125,9.5926733160273,0.85,1,1,1,kirana,576,69,"4-289/2,",301,137,SUPPLIER,kirana1.jpg,real
"4-289/2,","4-289/2,",8,5,0,0,0,0,301,137,0.24157303370786518,0.05930735930735931,208,56,0.16693418940609953,0.024242424242424242,3.7142857142857144,9.362975618399776,0.74,2,1,1,stores,845,92,navajeevan,540,153,O,kirana1.jpg,real
Navajeevan,navajeevan,10,0,10,0,0,0,540,153,0.4333868378812199,0.06623376623376623,296,61,0.2375601926163724,0.026406926406926406,4.852459016393443,9.801288700215881,0.92,2,1,1,"4-289/2,",301,137,na,866,179,O,kirana1.jpg,real
Na,na,2,0,2,0,0,0,866,179,0.695024077046549,0.07748917748917748,67,42,0.05377207062600321,0.01818181818181818,1.5952380952380953,7.942717540573791,0.96,2,1,1,navajeevan,540,153,7,476,2054,O,kirana1.jpg,real
7,7,1,1,0,1,0,0,476,2054,0.38202247191011235,0.8891774891774892,18,24,0.014446227929373997,0.01038961038961039,0.75,6.07073772800249,0.49,1,1,2,na,866,179,“navajeevan,544,2013,O,kirana1.jpg,real
“Navajeevan,“navajeevan,11,0,10,0,0,0,544,2013,0.43659711075441415,0.8714285714285714,337,85,0.27046548956661315,0.0367965367965368,3.9647058823529413,10.262769096339811,0.73,1,1,2,7,476,2054,naga,925,2044,O,kirana1.jpg,real
Naga,naga,4,0,4,0,0,0,925,2044,0.7423756019261637,0.8848484848484849,128,50,0.10272873194221509,0.021645021645021644,2.56,8.764209507142004,0.32,1,1,2,“navajeevan,544,2013,agar.,471,2082,O,kirana1.jpg,real
agar.,agar.,5,0,4,0,0,0,471,2082,0.3780096308186196,0.9012987012987013,146,79,0.11717495987158909,0.0341991341991342,1.8481012658227849,9.353141170607854,0.8,2,1,2,naga,925,2044,hyderabad,655,2106,O,kirana1.jpg,real
HYDERABAD,hyderabad,9,0,9,0,0,0,655,2106,0.5256821829855538,0.9116883116883117,348,48,0.27929373996789725,0.02077922077922078,7.25,9.723463354790857,0.65,2,1,2,agar.,471,2082,,0,0,O,kirana1.jpg,real
RETAIL,retail,6,0,6,0,0,0,347,22,0.2891666666666667,0.024175824175824177,207,42,0.1725,0.046153846153846156,4.928571428571429,9.070503426788383,0.95,1,1,2,,0,0,invoice,571,22,O,retail-invoice1.jpg,real
INVOICE,invoice,7,0,7,0,0,0,571,22,0.47583333333333333,0.024175824175824177,235,42,0.19583333333333333,0.046153846153846156,5.595238095238095,9.197356444417888,0.95,1,1,2,retail,347,22,invoice,18,115,O,retail-invoice1.jpg,real
Invoice,invoice,7,0,7,0,0,0,18,115,0.015,0.12637362637362637,85,20,0.07083333333333333,0.02197802197802198,4.25,7.438971592395862,0.95,1,1,3,invoice,571,22,number:,109,113,O,retail-invoice1.jpg,real
Number:,number:,7,0,6,0,0,0,109,113,0.09083333333333334,0.12417582417582418,105,22,0.0875,0.024175824175824177,4.7727272727272725,7.745435610274381,0.96,1,1,3,invoice,18,115,489755,223,114,O,retail-invoice1.jpg,real
489755,489755,6,6,0,1,0,0,223,114,0.18583333333333332,0.12527472527472527,87,21,0.0725,0.023076923076923078,4.142857142857143,7.510977752014095,0.92,1,1,3,number:,109,113,date:,834,114,INVOICE_NUMBER,retail-invoice1.jpg,real
Date:,date:,5,0,4,0,0,0,834,114,0.695,0.12527472527472527,61,21,0.050833333333333335,0.023076923076923078,2.9047619047619047,7.156176637480615,0.96,1,1,3,489755,223,114,5/2/2015,904,112,O,retail-invoice1.jpg,real
5/2/2015,5/2/2015,8,6,0,0,1,0,904,112,0.7533333333333333,0.12307692307692308,110,26,0.09166666666666666,0.02857142857142857,4.230769230769231,7.95892649305011,0.95,1,1,3,date:,834,114,xyz,17,185,DATE,retail-invoice1.jpg,real
XYZ,xyz,3,0,3,0,0,0,17,185,0.014166666666666666,0.2032967032967033,43,20,0.035833333333333335,0.02197802197802198,2.15,6.7580945044277305,0.9,2,1,3,5/2/2015,904,112,ltd.,67,183,SUPPLIER,retail-invoice1.jpg,real
Ltd.,ltd.,4,0,3,0,0,0,67,183,0.05583333333333333,0.2010989010989011,43,22,0.035833333333333335,0.024175824175824177,1.9545454545454546,6.853299093186078,0.85,2,1,3,xyz,17,185,"to,",832,185,SUPPLIER,retail-invoice1.jpg,real
"To,","to,",3,0,2,0,0,0,832,185,0.6933333333333334,0.2032967032967033,35,24,0.029166666666666667,0.026373626373626374,1.4583333333333333,6.734591659972948,0.96,2,1,3,ltd.,67,183,"42,",17,221,O,retail-invoice1.jpg,real
"42,","42,",3,2,0,1,0,0,17,221,0.014166666666666666,0.24285714285714285,35,24,0.029166666666666667,0.026373626373626374,1.4583333333333333,6.734591659972948,0.96,3,1,3,"to,",832,185,vijay,61,221,O,retail-invoice1.jpg,real
Vijay,vijay,5,0,5,0,0,0,61,221,0.050833333333333335,0.24285714285714285,57,25,0.0475,0.027472527472527472,2.28,7.262628600974241,0.96,3,1,3,"42,",17,221,"nagar,",126,221,O,retail-invoice1.jpg,real
"Nagar,","nagar,",6,0,5,0,0,0,126,221,0.105,0.24285714285714285,72,26,0.06,0.02857142857142857,2.769230769230769,7.5352967024440884,0.96,3,1,3,vijay,61,221,indore,210,219,O,retail-invoice1.jpg,real
Indore,indore,6,0,6,0,0,0,210,219,0.175,0.24065934065934066,78,22,0.065,0.024175824175824177,3.5454545454545454,7.448333860897476,0.93,3,1,3,"nagar,",126,221,(m.p.),296,219,O,retail-invoice1.jpg,real
(M.P.),(m.p.),6,0,2,0,0,0,296,219,0.24666666666666667,0.24065934065934066,68,27,0.056666666666666664,0.02967032967032967,2.5185185185185186,7.515889085215125,0.86,3,1,3,indore,210,219,shyam,833,219,O,retail-invoice1.jpg,real
Shyam,shyam,5,0,5,0,0,0,833,219,0.6941666666666667,0.24065934065934066,78,27,0.065,0.02967032967032967,2.888888888888889,7.653020413804189,0.96,3,1,3,(m.p.),296,219,agarwal,918,219,CUSTOMER,retail-invoice1.jpg,real
Agarwal,agarwal,7,0,7,0,0,0,918,219,0.765,0.24065934065934066,95,28,0.07916666666666666,0.03076923076923077,3.392857142857143,7.886457270977689,0.96,3,1,3,shyam,833,219,"56,",834,257,CUSTOMER,retail-invoice1.jpg,real
"56,","56,",3,2,0,1,0,0,834,257,0.695,0.2824175824175824,34,24,0.028333333333333332,0.026373626373626374,1.4166666666666667,6.705639094860003,0.95,1,1,4,agarwal,918,219,mg,878,257,O,retail-invoice1.jpg,real
MG,mg,2,0,2,0,0,0,878,257,0.7316666666666667,0.2824175824175824,41,20,0.034166666666666665,0.02197802197802198,2.05,6.710523109452428,0.96,1,1,4,"56,",834,257,"road,",929,255,O,retail-invoice1.jpg,real
"Road,","road,",5,0,4,0,0,0,929,255,0.7741666666666667,0.2802197802197802,64,26,0.05333333333333334,0.02857142857142857,2.4615384615384617,7.417580402414544,0.96,1,1,4,mg,878,257,indore,1004,255,O,retail-invoice1.jpg,real
Indore,indore,6,0,6,0,0,0,1004,255,0.8366666666666667,0.2802197802197802,78,22,0.065,0.024175824175824177,3.5454545454545454,7.448333860897476,0.93,1,1,4,"road,",929,255,(m.p.),1091,255,O,retail-invoice1.jpg,real
(M.P.),(m.p.),6,0,2,0,0,0,1091,255,0.9091666666666667,0.2802197802197802,67,27,0.05583333333333333,0.02967032967032967,2.4814814814814814,7.501082124259871,0.89,1,1,4,indore,1004,255,serial,215,331,O,retail-invoice1.jpg,real
Serial,serial,6,0,6,0,0,0,215,331,0.17916666666666667,0.3637362637362637,66,21,0.055,0.023076923076923078,3.142857142857143,7.234898420314831,0.83,1,1,5,(m.p.),1091,255,—_,307,319,O,retail-invoice1.jpg,real
—_,—_,2,0,0,0,0,0,307,319,0.25583333333333336,0.3505494505494505,26,43,0.021666666666666667,0.04725274725274725,0.6046511627906976,7.020190708311925,0.01,1,1,5,serial,215,331,description,346,331,O,retail-invoice1.jpg,real
Description,description,11,0,11,0,0,0,346,331,0.28833333333333333,0.3637362637362637,135,27,0.1125,0.02967032967032967,5.0,8.201385955238608,0.96,1,1,5,—_,307,319,hams,522,323,O,retail-invoice1.jpg,real
hams,hams,4,0,4,0,0,0,522,323,0.435,0.35494505494505496,120,72,0.1,0.07912087912087912,1.6666666666666667,9.0642735958414,0.23,1,1,5,description,346,331,unit,694,319,O,retail-invoice1.jpg,real
Unit,unit,4,0,4,0,0,0,694,319,0.5783333333333334,0.3505494505494505,47,43,0.03916666666666667,0.04725274725274725,1.0930232558139534,7.611842399580417,0.96,1,1,5,hams,522,323,price,752,319,O,retail-invoice1.jpg,real
Price,price,5,0,5,0,0,0,752,319,0.6266666666666667,0.3505494505494505,59,43,0.049166666666666664,0.04725274725274725,1.372093023255814,7.839131648274333,0.96,1,1,5,unit,694,319,number,216,367,O,retail-invoice1.jpg,real
Number,number,6,0,6,0,0,0,216,367,0.18,0.4032967032967033,99,21,0.0825,0.023076923076923078,4.714285714285714,7.640123172695364,0.96,1,1,6,price,752,319,-,216,570,O,retail-invoice1.jpg,real
-,-,1,0,0,0,0,0,216,570,0.18,0.6263736263736264,7,4,0.005833333333333334,0.004395604395604396,1.75,3.367295829986474,0.73,1,1,8,number,216,367,discount,231,561,O,retail-invoice1.jpg,real
Discount,discount,8,0,8,0,0,0,231,561,0.1925,0.6164835164835165,104,20,0.08666666666666667,0.02197802197802198,5.2,7.640603826393634,0.73,1,1,8,-,216,570,@,345,561,O,retail-invoice1.jpg,real
@,@,1,0,0,0,0,0,345,561,0.2875,0.6164835164835165,23,23,0.019166666666666665,0.025274725274725275,1.0,6.272877006546167,0.92,1,1,8,discount,231,561,10%,379,560,O,retail-invoice1.jpg,real
10%,10%,3,2,0,0,0,0,379,560,0.31583333333333335,0.6153846153846154,47,21,0.03916666666666667,0.023076923076923078,2.238095238095238,6.895682697747868,0.96,1,1,8,@,345,561,225,854,561,O,retail-invoice1.jpg,real
225,225,3,3,0,1,0,0,854,561,0.7116666666666667,0.6164835164835165,42,20,0.035,0.02197802197802198,2.1,6.734591659972948,0.96,1,1,8,10%,379,560,-paid,216,652,O,retail-invoice1.jpg,real
-Paid,-paid,5,0,4,0,0,0,216,652,0.18,0.7164835164835165,56,36,0.04666666666666667,0.03956043956043956,1.5555555555555556,7.6093665379542115,0.67,1,1,9,225,854,561,500,854,657,O,retail-invoice1.jpg,real
500,500,3,3,0,1,0,0,854,657,0.7116666666666667,0.721978021978022,43,20,0.035833333333333335,0.02197802197802198,2.15,6.7580945044277305,0.66,1,1,9,-paid,216,652,signature,929,849,O,retail-invoice1.jpg,real
Signature,signature,9,0,9,0,0,0,929,849,0.7741666666666667,0.932967032967033,112,26,0.09333333333333334,0.02857142857142857,4.3076923076923075,7.976938756959434,0.96,1,1,14,500,854,657,,0,0,O,retail-invoice1.jpg,real
